word,usage,in_sentences,tier,why,act,jit,frames,recording,source,alias_of
我_A,2899,,poor,poor 偵測率低,0.3654,0.0226,52,1049_我_A.json,twtsl:1049,
我_B,2899,,poor,poor 偵測率低,0.4886,0.01518,88,1050_我_B.json,twtsl:1050,
去_A,1528,,severe,severe 抓不到手,0.2667,0.02794,75,0886_去_A.json,twtsl:886,
去_B,1528,,severe,severe 抓不到手,0.2195,0.02537,82,0887_去_B.json,twtsl:887,
要_N,1149,,poor,poor 偵測率低,0.4535,0.0221,86,2396_要_N.json,twtsl:2396,
要_S,1149,,severe,severe 抓不到手,0.0,0.01604,88,2397_要_S.json,twtsl:2397,
他_B,761,,severe,severe 抓不到手,0.2816,0.02658,103,0971_他_B.json,twtsl:971,
他_A,761,,poor,poor 偵測率低,0.3,0.02403,70,0972_他_A.json,twtsl:972,
他,761,,ok,,0.9702,0.01675,31,desk0912_他.json,signtube:手語天地-2026-09,
什麼_A,703,,poor,poor 偵測率低,0.4741,0.01335,116,2446_什麼_A.json,twtsl:2446,
再_A,359,,poor,poor 偵測率低,0.4796,0.02215,98,0046_再_A.json,twtsl:46,
再_B,359,,severe,severe 抓不到手,0.0096,0.02151,104,0047_再_B.json,twtsl:47,
棒_A,315,,poor,poor 偵測率低,0.4203,0.02245,69,0710_棒_A.json,twtsl:710,
棒_B,315,,severe,severe 抓不到手,0.0235,0.02597,85,0711_棒_B.json,twtsl:711,
自己_S,284,,poor,poor 偵測率低,0.3803,0.01256,142,1875_自己_S.json,twtsl:1875,
會_N,269,,severe,severe 抓不到手,0.0,0.02208,77,0009_會_N.json,twtsl:9,
會_S,269,,poor,poor 偵測率低,0.3452,0.02373,84,0010_會_S.json,twtsl:10,
沒有_A,225,,poor,poor 偵測率低,0.4333,0.01886,90,0967_沒有_A.json,twtsl:967,
沒有_B,225,,poor,poor 偵測率低,0.5152,0.01781,66,0968_沒有_B.json,twtsl:968,
沒有_C,225,,poor,poor 偵測率低,0.5692,0.02711,65,0969_沒有_C.json,twtsl:969,
人_B,222,,severe,severe 抓不到手,0.2222,0.02607,99,1612_人_B.json,twtsl:1612,
人_A,222,,severe,severe 抓不到手,0.0,0.01559,127,1611_人_A.json,twtsl:1611,
住_B,208,,poor,poor 偵測率低,0.4565,0.04198,46,1217_住_B.json,twtsl:1217,
住_A,208,,severe,severe 抓不到手,0.0,0.02152,150,1216_住_A.json,twtsl:1216,
多_A,189,,severe,severe 抓不到手,0.0737,0.02006,95,1277_多_A.json,twtsl:1277,
多_B,189,,poor,poor 偵測率低,0.4625,0.0191,80,1278_多_B.json,twtsl:1278,
多_C,189,,poor,poor 偵測率低,0.4792,0.02027,96,1279_多_C.json,twtsl:1279,
知道_N,164,,poor,poor 偵測率低,0.5699,0.01504,93,1158_知道_N.json,twtsl:1158,
知道_S,164,,poor,poor 偵測率低,0.4308,0.01515,130,1159_認識_A.json,twtsl:1159,
喜歡_N,160,,poor,poor 偵測率低,0.3761,0.01511,117,1208_喜歡_N.json,twtsl:1208,
喜歡_S,160,,poor,poor 偵測率低,0.3396,0.02056,106,1209_喜歡_S.json,twtsl:1209,
時間_A,148,,severe,severe 抓不到手,0.0,0.01546,97,2231_時間_A.json,twtsl:2231,
時間_B,148,,severe,severe 抓不到手,0.0,0.02051,89,2232_時間_B.json,twtsl:2232,
時間_S,148,,severe,severe 抓不到手,0.0396,0.01596,101,2233_時間_S.json,twtsl:2233,
買_A,143,,severe,severe 抓不到手,0.0261,0.01627,115,0272_買_A.json,twtsl:272,
買_B,143,,severe,severe 抓不到手,0.1983,0.0154,116,0273_買_B.json,twtsl:273,
很,134,S28,ok,,0.9946,0.00694,58,desk0912_很.json,desk0912:混合來源-2026-09-12,
看,132,,ok,,1.0,0.01749,118,desk0912_看.json,desk0912:混合來源-2026-09-12,
看_N,132,,poor,poor 偵測率低,0.3305,0.01749,118,1232_看_N.json,twtsl:1232,
看_S,132,,poor,poor 偵測率低,0.5,0.02325,90,1233_看_S.json,twtsl:1233,
檢查,128,,ok,,0.9474,0.01088,40,desk0912_檢查.json,desk0912:混合來源-2026-09-12,
好_A,122,,severe,severe 抓不到手,0.0,0.02409,88,0900_好_A.json,twtsl:900,
好,122,S01,ok,,1.0,0.01848,80,desk0912_好.json,desk0912:混合來源-2026-09-12,
好_B,122,,poor,poor 偵測率低,0.5,0.01848,80,0901_好_B.json,twtsl:901,
她_B,116,,severe,severe 抓不到手,0.2816,0.02658,103,0971_他_B.json,twtsl:971,他_B
她_A,116,,poor,poor 偵測率低,0.3,0.02403,70,0972_他_A.json,twtsl:972,他_A
家_A,113,,poor,poor 偵測率低,0.3444,0.01817,90,1018_屋子.json,twtsl:1018,
家_B,113,,poor,poor 偵測率低,0.3717,0.01748,113,1019_家_B.json,twtsl:1019,
身體,112,,ok,,0.8189,0.02875,62,desk0912_身體.json,desk0912:混合來源-2026-09-12,
身體_A,112,,poor,poor 偵測率低,0.3871,0.02875,62,0227_身體_A.json,twtsl:227,
身體_B,112,,poor,poor 偵測率低,0.4,0.02232,80,0228_身體_B.json,twtsl:228,
以後_A,112,,severe,severe 抓不到手,0.1111,0.0345,99,0855_以後_A.json,twtsl:855,
以後_B,112,,severe,severe 抓不到手,0.2872,0.02081,94,0856_以後_B.json,twtsl:856,
幫忙_N,106,,severe,severe 抓不到手,0.1809,0.01887,94,0987_幫_N.json,twtsl:987,
幫忙_S,106,,severe,severe 抓不到手,0.0316,0.02373,95,0988_幫_S.json,twtsl:988,
為什麼_A,104,,severe,severe 抓不到手,0.2923,0.01655,65,2547_為什麼_A.json,twtsl:2547,
為什麼,104,,ok,,0.9302,0.02864,19,desk0912_為什麼.json,desk0912:混合來源-2026-09-12,
上班_A,98,,severe,severe 抓不到手,0.2016,0.01742,124,0585_工作.json,twtsl:585,
上班_B,98,,severe,severe 抓不到手,0.2743,0.02057,113,2478_上班_B.json,twtsl:2478,
習慣_N,97,,poor,poor 偵測率低,0.3767,0.01842,146,0938_習慣_N.json,twtsl:938,
習慣_S,97,,severe,severe 抓不到手,0.0168,0.02435,119,0939_習慣_S.json,twtsl:939,
晚上,92,,ok,,0.8351,0.02012,119,desk0912_晚上.json,desk0912:混合來源-2026-09-12,
晚上_A,92,,severe,severe 抓不到手,0.2689,0.02012,119,0704_夜晚_A.json,twtsl:704,
晚上_B,92,,poor,poor 偵測率低,0.5682,0.03104,44,0705_夜晚_B.json,twtsl:705,
一起_A,91,,poor,poor 偵測率低,0.4141,0.0225,99,2248_一同.json,twtsl:2248,
一起_B,91,,poor,poor 偵測率低,0.589,0.01814,73,2249_一起_B.json,twtsl:2249,
幫_N,90,,severe,severe 抓不到手,0.1809,0.01887,94,0987_幫_N.json,twtsl:987,
幫_S,90,,severe,severe 抓不到手,0.0316,0.02373,95,0988_幫_S.json,twtsl:988,
坐車,90,,ok,,0.8235,0.00733,55,desk0912_坐車.json,desk0912:混合來源-2026-09-12,
如何_A,87,,poor,poor 偵測率低,0.3671,0.01807,79,1022_如何_A.json,twtsl:1022,
如何_B,87,,poor,poor 偵測率低,0.4257,0.01692,101,1024_如何_B.json,twtsl:1024,
不會_N,83,,severe,severe 抓不到手,0.0678,0.01974,118,2313_不會_N.json,twtsl:2313,
不會_S,83,,poor,poor 偵測率低,0.51,0.01972,100,2314_不會_S.json,twtsl:2314,
給_B,80,,poor,poor 偵測率低,0.3816,0.01974,76,0878_給_B.json,twtsl:878,
給_A,80,,severe,severe 抓不到手,0.0753,0.02015,93,2115_供應_A.json,twtsl:2115,
全部_A,78,,poor,poor 偵測率低,0.3333,0.02313,66,2451_全部_A.json,twtsl:2451,
全部_B,78,,poor,poor 偵測率低,0.5614,0.02777,57,2452_全部_B.json,twtsl:2452,
醫院_A,77,,severe,severe 抓不到手,0.0968,0.02409,93,1011_醫院_A.json,twtsl:1011,
醫院_B,77,,severe,severe 抓不到手,0.0476,0.02496,84,1012_醫院_B.json,twtsl:1012,
醫院_C,77,,severe,severe 抓不到手,0.0952,0.02732,84,1013_醫院_C.json,twtsl:1013,
早上_A,77,,severe,severe 抓不到手,0.1757,0.03039,74,1354_早上_A.json,twtsl:1354,
早上_B,77,,severe,severe 抓不到手,0.0301,0.02224,133,1353_清晨.json,twtsl:1353,
吃飯_A,73,,severe,severe 抓不到手,0.0098,0.01569,102,0649_吃飯_A.json,twtsl:649,
吃飯_B,73,,poor,poor 偵測率低,0.5,0.02161,80,0965_吃飯_B.json,twtsl:965,
聽說_A,72,,severe,severe 抓不到手,0.2987,0.02474,77,2241_聽說_A.json,twtsl:2241,
聽說_B,72,,poor,poor 偵測率低,0.5963,0.01873,109,2242_聽說_B.json,twtsl:2242,
等,69,,ok,,1.0,0.0181,116,desk0912_等.json,desk0912:混合來源-2026-09-12,
等_B,69,,poor,poor 偵測率低,0.4052,0.0181,116,0932_等_B.json,twtsl:932,
演講_N,69,,severe,severe 抓不到手,0.0,0.01612,111,2026_演講_N.json,twtsl:2026,
演講_S,69,,severe,severe 抓不到手,0.0,0.01618,112,2027_演講_S.json,twtsl:2027,
等_A,69,,severe,severe 抓不到手,0.0118,0.0231,85,2386_等_A.json,twtsl:2386,
服務_N,65,,severe,severe 抓不到手,0.042,0.01713,119,1883_服務_N.json,twtsl:1883,
服務,65,,ok,,0.8643,0.02595,85,desk0912_服務.json,desk0912:混合來源-2026-09-12,
服務_S,65,,poor,poor 偵測率低,0.4941,0.02595,85,1884_服務_S.json,twtsl:1884,
台南_B,65,,severe,severe 抓不到手,0.056,0.01865,125,2144_台南_B.json,twtsl:2144,
台南_A,65,,poor,poor 偵測率低,0.368,0.01707,125,2143_台南_A.json,twtsl:2143,
火車_N,59,,poor,poor 偵測率低,0.3259,0.0265,135,2273_火車_N.json,twtsl:2273,
火車_S,59,,severe,severe 抓不到手,0.021,0.02245,143,2274_火車_S.json,twtsl:2274,
發現_A,58,,severe,severe 抓不到手,0.0,0.03117,85,0566_看到.json,twtsl:566,
發現_B,58,,severe,severe 抓不到手,0.1379,0.0225,87,0567_發現_B.json,twtsl:567,
發現_C,58,,severe,severe 抓不到手,0.0364,0.02977,55,0568_發現_C.json,twtsl:568,
快_N,58,,poor,poor 偵測率低,0.3627,0.0169,102,0760_火速_N.json,twtsl:760,
快_S,58,,severe,severe 抓不到手,0.25,0.01357,104,0761_火速_S.json,twtsl:761,
負責_A,58,,severe,severe 抓不到手,0.1068,0.02205,103,1781_負責_A.json,twtsl:1781,
負責_B,58,,poor,poor 偵測率低,0.5326,0.02453,92,1782_負責_B.json,twtsl:1782,
爸爸,56,,ok,,0.8762,0.00845,15,desk0912_爸爸.json,signtube:手語天地-2026-09,
心_A,55,,severe,severe 抓不到手,0.0442,0.01721,113,0984_心_A.json,twtsl:984,
心_B,55,,poor,poor 偵測率低,0.4746,0.01786,118,0985_心_B.json,twtsl:985,
花蓮_N,54,,severe,severe 抓不到手,0.0,0.01706,137,1036_花蓮_N.json,twtsl:1036,
花蓮_S,54,,poor,poor 偵測率低,0.4538,0.01781,119,1037_花蓮_S.json,twtsl:1037,
雲林,54,,poor,poor 偵測率低,0.4688,0.05593,32,moc_G4D2P1.json,moc:G4D2P1,
不要,53,S29,ok,,0.9538,0.01566,104,desk0912_不要.json,desk0912:混合來源-2026-09-12,
不要_N,53,,poor,poor 偵測率低,0.3942,0.01566,104,0597_不要_N.json,twtsl:597,
不要_S,53,,severe,severe 抓不到手,0.1111,0.01475,108,0598_不要_S.json,twtsl:598,
台東,53,,ok,,0.6117,0.02269,120,desk0912_台東.json,desk0912:混合來源-2026-09-12,
不知道_N,50,,poor,poor 偵測率低,0.534,0.01842,103,0593_不知道_N.json,twtsl:593,
不知道_S,50,,poor,poor 偵測率低,0.3077,0.01734,104,0594_不知道_S.json,twtsl:594,
屏東_B,50,,severe,severe 抓不到手,0.0111,0.02483,90,1637_屏東_B.json,twtsl:1637,
屏東_A,50,,severe,severe 抓不到手,0.0723,0.02039,83,1638_屏東_A.json,twtsl:1638,
運動_A,50,,poor,poor 偵測率低,0.4599,0.02423,137,1621_運動_A.json,twtsl:1621,
運動_B,50,,poor,poor 偵測率低,0.3678,0.02545,87,2031_運動_B.json,twtsl:2031,
台中_A,49,,severe,severe 抓不到手,0.0214,0.01825,140,2139_台中_A.json,twtsl:2139,
台中_B,49,,poor,poor 偵測率低,0.3615,0.01393,130,2140_台中_B.json,twtsl:2140,
菜,49,,ok,,0.9399,0.0164,125,desk0912_菜.json,desk0912:混合來源-2026-09-12,
菜_N,49,,poor,poor 偵測率低,0.472,0.0164,125,2363_菜_N.json,twtsl:2363,
菜_S,49,,severe,severe 抓不到手,0.2389,0.02539,113,2364_菜_S.json,twtsl:2364,
情形,49,,poor,poor 抖動 jit>0.05,0.8261,0.05037,23,moc_G4D2P1.json,moc:G4D2P1,
約_B,48,,poor,poor 偵測率低,0.4795,0.01862,73,0090_約_B.json,twtsl:90,
約_A,48,,severe,severe 抓不到手,0.0091,0.01552,110,1645_約_A.json,twtsl:1645,
上課_A,48,,poor,poor 偵測率低,0.307,0.01513,114,2777_上課_A.json,twtsl:2777,
上課_B,48,,poor,poor 偵測率低,0.3119,0.01898,109,2778_上課_B.json,twtsl:2778,
上課_C,48,,poor,poor 偵測率低,0.3274,0.01999,113,2779_上課_C.json,twtsl:2779,
不是_A,47,,poor,poor 偵測率低,0.5366,0.02334,82,1454_不是_A.json,twtsl:1454,
美國_A,45,,poor,poor 偵測率低,0.4085,0.01192,142,2331_美國_A.json,twtsl:2331,
美國,45,,poor,poor 偵測率低,0.4085,0.01192,142,2331_美國_A.json,twtsl:2331,
南投,45,,poor,poor 偵測率低,0.4412,0.03735,136,pn_0529_南投縣1.json,placename:529,南投縣
舒服_A,44,,poor,poor 偵測率低,0.3431,0.02001,102,0431_舒服_A.json,twtsl:431,
回家_A,44,,severe,severe 抓不到手,0.1714,0.021,105,0890_回家_A.json,twtsl:890,
回家_B,44,,severe,severe 抓不到手,0.1359,0.02068,103,0891_回家_B.json,twtsl:891,
高鐵_A,44,,poor,poor 偵測率低,0.3605,0.02429,86,2593_高鐵_A.json,twtsl:2593,
高鐵_B,44,,poor,poor 偵測率低,0.4344,0.01479,122,2594_高鐵_B.json,twtsl:2594,
考試_N,43,,poor,poor 偵測率低,0.3972,0.02274,141,2193_考_N.json,twtsl:2193,
考試_S,43,,severe,severe 抓不到手,0.0075,0.02436,133,2194_考_S.json,twtsl:2194,
金門,42,,poor,poor 偵測率低,0.5769,0.04393,130,pn_0508_金門縣.json,placename:508,金門縣
嘉義_A(地名),40,,severe,severe 抓不到手,0.0855,0.02275,117,0367_嘉義_A(地名).json,twtsl:367,
嘉義_B(地名),40,,severe,severe 抓不到手,0.2456,0.01841,114,0368_嘉義_B(地名).json,twtsl:368,
蘭嶼_A,40,,severe,severe 抓不到手,0.2857,0.02404,105,1172_蘭嶼_A.json,twtsl:1172,
蘭嶼_B,40,,severe,severe 抓不到手,0.1882,0.04467,85,1173_蘭嶼_B.json,twtsl:1173,
苗栗,40,,poor,poor 偵測率低,0.3404,0.0196,94,1321_苗栗.json,twtsl:1321,
澎湖,40,,poor,poor 偵測率低,0.44,0.01966,125,1602_澎湖.json,twtsl:1602,
馬祖,40,,severe,severe 抓不到手,0.215,0.02757,107,pn_0623_馬祖.json,placename:623,
基隆,40,,poor,poor 偵測率低,0.349,0.01752,149,pn_0639_基隆1.json,placename:639,
嘉義,40,,poor,poor 偵測率低,0.383,0.0264,94,pn_0831_嘉義1.json,placename:831,
換_A,39,,severe,severe 抓不到手,0.0642,0.02107,109,0714_換_A.json,twtsl:714,
換_B,39,,severe,severe 抓不到手,0.1522,0.02222,92,0715_換_B.json,twtsl:715,
換_C,39,,poor,poor 偵測率低,0.4769,0.02273,65,0716_換_C.json,twtsl:716,
北投_A,38,,severe,severe 抓不到手,0.0206,0.03061,97,0185_北投_A.json,twtsl:185,
北投_B,38,,severe,severe 抓不到手,0.0597,0.02344,134,0186_北投_B.json,twtsl:186,
公車_A,38,,poor,poor 偵測率低,0.4225,0.01775,142,0263_公共汽車_A.json,twtsl:263,
同學_B,38,,poor,poor 偵測率低,0.4237,0.02248,59,0405_同學_B.json,twtsl:405,
同學_C,38,,poor,poor 偵測率低,0.425,0.02234,80,0406_同學_C.json,twtsl:406,
同學_D,38,,severe,severe 抓不到手,0.2195,0.0219,41,0407_同學_D.json,twtsl:407,
同學_A,38,,poor,poor 偵測率低,0.3173,0.02508,104,0403_同學_A.json,twtsl:403,
計畫_A,38,,severe,severe 抓不到手,0.0,0.02388,139,1646_計畫_A.json,twtsl:1646,
計畫_B,38,,severe,severe 抓不到手,0.0185,0.0259,108,1647_計畫_B.json,twtsl:1647,
中壢_A,38,,severe,severe 抓不到手,0.0125,0.01861,80,2509_中壢_A.json,twtsl:2509,
中壢_B,38,,severe,severe 抓不到手,0.0,0.01896,69,2510_中壢_B.json,twtsl:2510,
中壢,38,,poor,poor 偵測率低,0.4811,0.02256,106,pn_0128_中壢1.json,placename:128,
下午_B,37,,poor,poor 偵測率低,0.5581,0.02065,86,0044_下午_B.json,twtsl:44,
下午_A,37,,severe,severe 抓不到手,0.0,0.02559,79,0045_下午_A.json,twtsl:45,
水_N,37,,severe,severe 抓不到手,0.2037,0.01776,108,2409_水_N.json,twtsl:2409,
水_S,37,,severe,severe 抓不到手,0.0431,0.01586,116,2410_水_S.json,twtsl:2410,
顏色_B,34,,poor,poor 偵測率低,0.5349,0.01934,86,0429_式_C.json,twtsl:429,
顏色_A,34,,poor,poor 偵測率低,0.4963,0.01348,135,0428_顏色_A.json,twtsl:428,
說話_A,34,,poor,poor 偵測率低,0.3942,0.02094,104,2017_說話_A.json,twtsl:2017,
說話_B,34,,severe,severe 抓不到手,0.2989,0.02707,87,2018_說話_B.json,twtsl:2018,
特別,34,,poor,poor 偵測率低,0.3028,0.01404,109,2021_特別.json,twtsl:2021,
特別_N,34,,poor,poor 偵測率低,0.3028,0.01404,109,2021_特別_N.json,twtsl:2021,
特別_S,34,,severe,severe 抓不到手,0.0159,0.01588,126,2022_特別_S.json,twtsl:2022,
突然_A,34,,severe,severe 抓不到手,0.1163,0.0232,86,2091_一瞬間_A.json,twtsl:2091,
突然_B,34,,poor,poor 偵測率低,0.3605,0.02005,86,2092_一瞬間_B.json,twtsl:2092,
不懂_N,33,,poor,poor 偵測率低,0.534,0.01842,103,0593_不知道_N.json,twtsl:593,
不懂_S,33,,poor,poor 偵測率低,0.3077,0.01734,104,0594_不知道_S.json,twtsl:594,
障礙_B,33,,poor,poor 偵測率低,0.5606,0.02728,66,1490_阻礙_B.json,twtsl:1490,
報名_A,33,,poor,poor 偵測率低,0.3362,0.01486,116,1757_報名_A.json,twtsl:1757,
報名_B,33,,severe,severe 抓不到手,0.2348,0.01775,115,1931_報名_B.json,twtsl:1931,
困難,33,,poor,poor 偵測率低,0.3793,0.00937,29,moc_G2D1P2.json,moc:G2D1P2,
名字_N,32,,poor,poor 偵測率低,0.4206,0.01594,107,1388_名字_N.json,twtsl:1388,
名字_S,32,,poor,poor 偵測率低,0.4138,0.01908,87,1389_名字_S.json,twtsl:1389,
怎麼辦_A,32,,severe,severe 抓不到手,0.0965,0.01473,114,2439_怎麼辦_A.json,twtsl:2439,
怎麼辦_B,32,,poor,poor 偵測率低,0.3205,0.01653,78,2440_怎麼辦_B.json,twtsl:2440,
痛,32,,severe,severe 抓不到手,0.2174,0.02715,23,moc_G2D2P3.json,moc:G2D2P3,
臺南_B,31,,severe,severe 抓不到手,0.056,0.01865,125,2144_台南_B.json,twtsl:2144,台南_B
臺南_A,31,,poor,poor 偵測率低,0.368,0.01707,125,2143_台南_A.json,twtsl:2143,台南_A
謝謝,31,S04,ok,,0.8662,0.01728,103,desk0912_謝謝.json,desk0912:混合來源-2026-09-12,
謝謝_A,31,,poor,poor 偵測率低,0.3786,0.01728,103,2196_感謝_A.json,twtsl:2196,
謝謝_B,31,,severe,severe 抓不到手,0.0,0.02976,85,2197_感謝_B.json,twtsl:2197,
幫助_N,30,,severe,severe 抓不到手,0.1809,0.01887,94,0987_幫_N.json,twtsl:987,
幫助_S,30,,severe,severe 抓不到手,0.0316,0.02373,95,0988_幫_S.json,twtsl:988,
老_A,30,,severe,severe 抓不到手,0.2468,0.01649,77,1510_年老.json,twtsl:1510,
老_B,30,,poor,poor 偵測率低,0.375,0.0148,88,2538_老_B.json,twtsl:2538,
新聞,30,,poor,poor 偵測率低,0.3388,0.02451,121,moe_04_0630.json,moe:vocabulary/04/0630,
簡單_C,29,,severe,severe 抓不到手,0.1954,0.02272,87,0641_容易_C.json,twtsl:641,
簡單_A,29,,severe,severe 抓不到手,0.0,0.02035,122,0646_容易_A.json,twtsl:646,
簡單_B,29,,poor,poor 偵測率低,0.301,0.01691,103,0647_容易_B.json,twtsl:647,
從來沒有_A,29,,severe,severe 抓不到手,0.2762,0.01769,105,1406_不曾.json,twtsl:1406,
餐廳_A,29,,severe,severe 抓不到手,0.1983,0.02355,121,1784_餐廳_A.json,twtsl:1784,
餐廳_B,29,,poor,poor 偵測率低,0.5227,0.02405,88,1785_餐廳_B.json,twtsl:1785,
筆談_A,28,,severe,severe 抓不到手,0.0,0.01845,103,0465_筆談_A.json,twtsl:465,
筆談_B,28,,poor,poor 偵測率低,0.3625,0.01787,80,2487_筆談_B.json,twtsl:2487,
展覽_A,27,,severe,severe 抓不到手,0.0,0.01538,116,0576_展示_A.json,twtsl:576,
展覽_B,27,,severe,severe 抓不到手,0.0291,0.03408,103,0577_展示_B.json,twtsl:577,
下雨,27,,poor,poor 偵測率低,0.4318,0.02235,132,1733_下雨.json,twtsl:1733,
不好_A,26,,severe,severe 抓不到手,0.2386,0.02637,88,1239_不好_A.json,twtsl:1239,
不好_B,26,,poor,poor 偵測率低,0.3093,0.02061,97,1465_差勁.json,twtsl:1465,
慢_N,26,,severe,severe 抓不到手,0.2336,0.01901,107,1965_慢_N.json,twtsl:1965,
慢_S,26,,poor,poor 偵測率低,0.5833,0.01735,72,1966_慢_S.json,twtsl:1966,
哥哥,26,,severe,severe 抓不到手,0.1714,0.03929,35,moc_G2D9P1.json,moc:G2D9P1,
臉,26,,poor,poor 偵測率低,0.4286,0.03347,14,moc_G3D12P3.json,moc:G3D12P3,
過了_B,25,,severe,severe 抓不到手,0.0,0.03517,104,0064_過了_B.json,twtsl:64,
過了_A,25,,poor,poor 偵測率低,0.5,0.02578,46,0065_已經_B.json,twtsl:65,
吵架_A,25,,poor,poor 偵測率低,0.5846,0.02885,65,1726_吵.json,twtsl:1726,
吵架_B,25,,severe,severe 抓不到手,0.2459,0.03032,61,1727_吵架_B.json,twtsl:1727,
美麗_N,24,,poor,poor 偵測率低,0.5114,0.02271,88,0175_美_N.json,twtsl:175,
美麗_S,24,,severe,severe 抓不到手,0.2712,0.0208,118,0176_美_S.json,twtsl:176,
照顧_A,24,,severe,severe 抓不到手,0.0,0.02204,106,2152_照顧_A.json,twtsl:2152,
照顧,24,,poor,poor 偵測率低,0.4079,0.01801,76,2153_照顧_B.json,moc:G4D2P1,
照顧_B,24,,poor,poor 偵測率低,0.4079,0.01801,76,2153_照顧_B.json,twtsl:2153,
聽損_A,24,,poor,poor 偵測率低,0.4222,0.04731,90,2910_聽障_A.json,twtsl:2910,
聽損_B,24,,severe,severe 抓不到手,0.011,0.03316,91,2911_聽障_B.json,twtsl:2911,
美麗,24,,severe,severe 抓不到手,0.186,0.01524,43,moc_G2D8P2.json,moc:G2D8P2,
兩個,24,,poor,poor 偵測率低,0.3571,0.01715,28,moc_G3D4P2.json,moc:G3D4P2,
爬山_A,23,,poor,poor 偵測率低,0.301,0.0205,103,1364_爬山_A.json,twtsl:1364,
爬山_B,23,,poor,poor 偵測率低,0.5488,0.03841,82,1365_爬山_B.json,twtsl:1365,
跑_B,23,,poor,poor 偵測率低,0.431,0.0275,58,1826_跑_B.json,twtsl:1826,
跑_A,23,,severe,severe 抓不到手,0.0233,0.02928,86,1825_跑_A.json,twtsl:1825,
聲音,23,,poor,poor 偵測率低,0.359,0.01311,39,moc_G2D1P2.json,moc:G2D1P2,
國畫,23,,poor,poor 偵測率低,0.4039,0.01717,203,moe_05_0193.json,moe:vocabulary/05/0193,
同意_B,22,,severe,severe 抓不到手,0.0,0.02621,101,0048_同意_B.json,twtsl:48,
同意_A,22,,severe,severe 抓不到手,0.0099,0.02434,101,0049_同意_A.json,twtsl:49,
不喜歡_N,22,,poor,poor 偵測率低,0.4697,0.02191,66,0595_不喜歡_N.json,twtsl:595,
不喜歡,22,,poor,poor 偵測率低,0.459,0.02072,61,0596_不喜歡_S.json,twtsl:595,
不喜歡_S,22,,poor,poor 偵測率低,0.459,0.02072,61,0596_不喜歡_S.json,twtsl:596,
懂_N,22,,poor,poor 偵測率低,0.5699,0.01504,93,1158_知道_N.json,twtsl:1158,
懂_S,22,,poor,poor 偵測率低,0.4308,0.01515,130,1159_認識_A.json,twtsl:1159,
或_A,22,,severe,severe 抓不到手,0.0,0.01913,87,1542_或_A.json,twtsl:1542,
或_B,22,,severe,severe 抓不到手,0.1905,0.01549,105,1543_或_B.json,twtsl:1543,
忽然_A,22,,severe,severe 抓不到手,0.1163,0.0232,86,2091_一瞬間_A.json,twtsl:2091,
忽然_B,22,,poor,poor 偵測率低,0.3605,0.02005,86,2092_一瞬間_B.json,twtsl:2092,
主管_A,22,,poor,poor 偵測率低,0.44,0.01545,125,3553_主管_A.json,twtsl:3553,
主管_B,22,,severe,severe 抓不到手,0.2991,0.02216,107,3554_主管_B.json,twtsl:3554,
同意,22,,severe,severe 抓不到手,0.1421,0.02058,190,moe_13_0258.json,moe:vocabulary/13/0258,
糖果_A,21,,poor,poor 偵測率低,0.3371,0.02153,89,0293_糖果_A.json,twtsl:293,
糖果_B,21,,poor,poor 偵測率低,0.3714,0.02289,105,0294_糖果_B.json,twtsl:294,
糖果_C,21,,severe,severe 抓不到手,0.2294,0.02457,109,0295_糖果_C.json,twtsl:295,
星期六,21,,poor,poor 偵測率低,0.4766,0.01409,128,1843_星期六.json,twtsl:1843,
星期六_N,21,,poor,poor 偵測率低,0.4766,0.01409,128,1843_星期六_N.json,twtsl:1843,
星期六_S,21,,poor,poor 偵測率低,0.5556,0.01476,90,1844_星期六_S.json,twtsl:1844,
社會_S,21,,poor,poor 偵測率低,0.4265,0.02394,68,1990_社會_S.json,twtsl:1990,
遲到_A,20,,severe,severe 抓不到手,0.2925,0.0222,106,0099_遲到_A.json,twtsl:99,
好吃_B,20,,severe,severe 抓不到手,0.0,0.02187,87,0536_好吃_B.json,twtsl:536,
好吃_A,20,,severe,severe 抓不到手,0.0932,0.01766,118,0537_好吃_A.json,twtsl:537,
遲到_B,20,,severe,severe 抓不到手,0.1591,0.04212,88,1178_遲到_B.json,twtsl:1178,
男,20,,poor,poor 偵測率低,0.5114,0.01762,88,1269_先生.json,twtsl:1269,
胖_A,20,,severe,severe 抓不到手,0.0,0.02309,83,1483_肥_A.json,twtsl:1483,
胖_B,20,,poor,poor 偵測率低,0.4182,0.01717,55,1484_肥_B.json,twtsl:1484,
胖,20,,poor,poor 偵測率低,0.4182,0.01717,55,1484_肥_B.json,twtsl:1483,胖_A
紀錄_B,20,,severe,severe 抓不到手,0.0693,0.01865,101,1749_紀錄_B.json,twtsl:1749,
紀錄_A,20,,severe,severe 抓不到手,0.1346,0.02205,104,1750_紀錄_A.json,twtsl:1750,
車_A,19,,severe,severe 抓不到手,0.0072,0.01451,138,0306_車_A.json,twtsl:306,
車_A_N,19,,severe,severe 抓不到手,0.0072,0.01451,138,0306_車_A_N.json,twtsl:306,
車_B,19,,severe,severe 抓不到手,0.047,0.01466,149,0309_車_B.json,twtsl:309,
車_B_N,19,,severe,severe 抓不到手,0.047,0.01466,149,0309_車_B_N.json,twtsl:309,
車_S,19,,severe,severe 抓不到手,0.1721,0.01568,122,0310_車_S.json,twtsl:310,
筷子,19,,severe,severe 抓不到手,0.28,0.01947,100,0384_筷子.json,twtsl:384,
筷子_N,19,,severe,severe 抓不到手,0.28,0.01947,100,0384_筷子_N.json,twtsl:384,
筷子_S,19,,severe,severe 抓不到手,0.0,0.01648,79,0385_筷子_S.json,twtsl:385,
認識_B,19,,severe,severe 抓不到手,0.2621,0.02198,103,1157_認識_B.json,twtsl:1157,
認識_A,19,,poor,poor 偵測率低,0.4308,0.01515,130,1159_認識_A.json,twtsl:1159,
假,19,,poor,poor 偵測率低,0.4091,0.0223,22,moc_G4D11P2.json,moc:G4D11P2,
照片,19,,poor,poor 偵測率低,0.36,0.02747,100,moe_04_0862.json,moe:vocabulary/04/0862,
整天_B,18,,poor,poor 偵測率低,0.3171,0.04647,82,0058_從早到晚_B.json,twtsl:58,
整天_A,18,,severe,severe 抓不到手,0.1368,0.03507,95,0057_從早到晚_A.json,twtsl:57,
在,18,,poor,poor 偵測率低,0.4198,0.01856,81,0110_在.json,twtsl:110,
沒關係_A,18,,poor,poor 偵測率低,0.3966,0.03237,58,0586_沒關係_A.json,twtsl:586,
沒關係_B,18,,severe,severe 抓不到手,0.1786,0.01888,84,0587_沒關係_B.json,twtsl:587,
貴_A,18,,severe,severe 抓不到手,0.2824,0.01852,85,0721_貴_A.json,twtsl:721,
貴_B,18,,poor,poor 偵測率低,0.4103,0.02163,78,0722_貴_B.json,twtsl:722,
拍攝_A,18,,severe,severe 抓不到手,0.0571,0.02286,105,0790_拍攝_A.json,twtsl:790,
拍攝_B,18,,poor,poor 偵測率低,0.407,0.01945,86,0791_拍攝_B.json,twtsl:791,
拍攝_C,18,,severe,severe 抓不到手,0.0353,0.02953,85,0792_拍攝_C.json,twtsl:792,
加入_A,18,,poor,poor 偵測率低,0.5529,0.04061,85,1125_加入_A.json,twtsl:1125,
小,18,,poor,poor 偵測率低,0.3689,0.02258,103,1214_小.json,twtsl:1214,
不用_N,18,,poor,poor 偵測率低,0.3191,0.02067,94,1400_不用_N.json,twtsl:1400,
不用_S,18,,severe,severe 抓不到手,0.2333,0.02647,60,1401_不用_S.json,twtsl:1401,
訓練,18,,poor,poor 偵測率低,0.5132,0.01799,76,2270_訓練_A.json,moe:vocabulary/05/2191,
訓練_A,18,,poor,poor 偵測率低,0.5132,0.01799,76,2270_訓練_A.json,twtsl:2270,
訓練_C,18,,severe,severe 抓不到手,0.0567,0.01463,141,2272_訓練_C.json,twtsl:2272,
父母_A,18,,poor,poor 偵測率低,0.4486,0.01298,107,2616_爸爸媽媽_A.json,twtsl:2616,
父母_B,18,,poor,poor 偵測率低,0.5214,0.01578,117,2617_爸爸媽媽_B.json,twtsl:2617,
用,18,,poor,poor 偵測率低,0.4195,0.00755,174,twtsl2_用.json,twtsl:rescan-2026-09,
美,17,,poor,poor 偵測率低,0.5114,0.02271,88,0175_美.json,twtsl:175,
漂亮,17,,poor,poor 偵測率低,0.5114,0.02271,88,0175_美_N.json,moc:G2D4P1,
美_N,17,,poor,poor 偵測率低,0.5114,0.02271,88,0175_美_N.json,twtsl:175,
漂亮_N,17,,poor,poor 偵測率低,0.5114,0.02271,88,0175_美_N.json,twtsl:175,
美_S,17,,severe,severe 抓不到手,0.2712,0.0208,118,0176_美_S.json,twtsl:176,
漂亮_S,17,,severe,severe 抓不到手,0.2712,0.0208,118,0176_美_S.json,twtsl:176,
緊張_A,17,,poor,poor 偵測率低,0.4014,0.01529,147,1403_緊張_A.json,twtsl:1403,
緊張_B,17,,poor,poor 偵測率低,0.4754,0.02806,61,1404_緊張_B.json,twtsl:1404,
夜市_A,17,,poor,poor 偵測率低,0.4338,0.01838,136,2660_夜市_A.json,twtsl:2660,
夜市_B,17,,poor,poor 偵測率低,0.3401,0.01964,147,2661_夜市_B.json,twtsl:2661,
夜市_C,17,,poor,poor 偵測率低,0.3867,0.01442,150,2662_夜市_C.json,twtsl:2662,
夜市_D,17,,severe,severe 抓不到手,0.1709,0.01995,158,2663_夜市_D.json,twtsl:2663,
夜市_E,17,,poor,poor 偵測率低,0.4436,0.01679,133,2664_夜市_E.json,twtsl:2664,
天氣_A,17,,severe,severe 抓不到手,0.2063,0.03607,126,3051_天氣_A.json,twtsl:3051,
天氣_B,17,,severe,severe 抓不到手,0.1885,0.02903,122,3052_天氣_B.json,twtsl:3052,
要不要,17,,poor,poor 偵測率低,0.3544,0.01173,158,3533_要不要_S.json,twtsl:3534,
要不要_S,17,,poor,poor 偵測率低,0.3544,0.01173,158,3533_要不要_S.json,twtsl:3533,
要不要_N,17,,poor,poor 偵測率低,0.5147,0.00952,136,3534_要不要_N.json,twtsl:3534,
第一次,17,,severe,severe 抓不到手,0.2963,0.02493,27,moc_G4D11P2.json,moc:G4D11P2,
所以,17,,severe,severe 抓不到手,0.0851,0.02231,94,moe_04_0552.json,moe:vocabulary/04/0552,
肉_A,16,,poor,poor 偵測率低,0.3659,0.01384,123,1306_肉_A.json,twtsl:1306,
肉,16,,poor,poor 偵測率低,0.3659,0.01384,123,1306_肉_A.json,twtsl:1306,
見面_A,16,,poor,poor 偵測率低,0.4058,0.02369,69,1310_見面_A.json,twtsl:1310,
見面_B,16,,poor,poor 偵測率低,0.5333,0.02906,45,1311_見面_B.json,twtsl:1311,
奇怪,16,,poor,poor 偵測率低,0.5574,0.01498,122,2072_奇怪.json,twtsl:2072,
奇怪_N,16,,poor,poor 偵測率低,0.5574,0.01498,122,2072_奇怪_N.json,twtsl:2072,
奇怪_S,16,,severe,severe 抓不到手,0.2222,0.0173,117,2073_奇怪_S.json,twtsl:2073,
圖書館_B,16,,severe,severe 抓不到手,0.0833,0.01609,120,2844_圖書館_B.json,twtsl:2844,
真,16,,severe,severe 抓不到手,0.2692,0.01742,26,moc_G4D11P2.json,moc:G4D11P2,
生氣_A,15,,poor,poor 偵測率低,0.4112,0.02374,107,0076_火大_A.json,twtsl:76,
生氣_B,15,,poor,poor 偵測率低,0.5652,0.01467,92,0077_火大_B.json,twtsl:77,
怕,15,,poor,poor 偵測率低,0.3383,0.01401,133,0039_危險.json,twtsl:40,
怕_N,15,,poor,poor 偵測率低,0.3383,0.01401,133,0039_危險.json,twtsl:39,
怕_S,15,,severe,severe 抓不到手,0.0396,0.01664,101,0040_怕_S.json,twtsl:40,
不小心_A,15,,severe,severe 抓不到手,0.2188,0.02178,96,0314_不小心_A.json,twtsl:314,
不小心_B,15,,severe,severe 抓不到手,0.0267,0.01844,75,0315_不小心_B.json,twtsl:315,
便宜_A,15,,poor,poor 偵測率低,0.3276,0.04477,58,0357_便宜_A.json,twtsl:357,
便宜_B,15,,severe,severe 抓不到手,0.2614,0.0259,88,0358_便宜_B.json,twtsl:358,
舊,15,,poor,poor 偵測率低,0.5476,0.01841,84,1508_舊_B.json,moc:G1D8P3,
舊_B,15,,poor,poor 偵測率低,0.5476,0.01841,84,1508_舊_B.json,twtsl:1508,
號碼_A,15,,poor,poor 偵測率低,0.315,0.01636,127,1479_幾號_A.json,twtsl:1479,
號碼_B,15,,severe,severe 抓不到手,0.0943,0.01548,106,1480_幾號_B.json,twtsl:1480,
舊_A,15,,severe,severe 抓不到手,0.0413,0.01834,121,1509_舊_A.json,twtsl:1509,
紅_N,15,,severe,severe 抓不到手,0.1485,0.01591,101,1752_紅_N.json,twtsl:1752,
紅_S,15,,severe,severe 抓不到手,0.1754,0.01747,114,1753_紅_S.json,twtsl:1753,
游泳_B,15,,poor,poor 偵測率低,0.4079,0.02819,76,2130_游泳_B.json,twtsl:2130,
超過,15,,poor,poor 偵測率低,0.5075,0.02206,67,moc_G3D8P3.json,moc:G3D8P3,
懶,15,,poor,poor 偵測率低,0.4153,0.00997,118,moc_G4D8P3.json,moc:G4D8P3,
游泳,15,,poor,poor 偵測率低,0.58,0.03274,50,moe_06_0644.json,moe:vocabulary/06/0644,
舉手,15,,poor,poor 抖動 jit>0.05,0.7273,0.05488,55,twtsl2_舉手.json,twtsl:rescan-2026-09,
騎腳踏車_A,14,,severe,severe 抓不到手,0.0417,0.02697,144,0200_自行車_A.json,twtsl:200,
哭_A,14,,severe,severe 抓不到手,0.0095,0.01813,105,0497_哭_A.json,twtsl:497,
哭_B,14,,severe,severe 抓不到手,0.2442,0.02005,86,0498_哭_B.json,twtsl:498,
頭暈,14,,poor,poor 偵測率低,0.3725,0.01979,102,0584_頭暈.json,twtsl:584,
蛋_A,14,,poor,poor 偵測率低,0.4228,0.01406,123,0654_蛋_A.json,twtsl:654,
蛋_B,14,,poor,poor 偵測率低,0.4859,0.01268,142,0655_蛋_B.json,twtsl:655,
蛋_C,14,,poor,poor 偵測率低,0.3942,0.01706,104,0656_蛋_C.json,twtsl:656,
誤會_A,14,,severe,severe 抓不到手,0.0435,0.03175,92,0905_搞錯_A.json,twtsl:905,
誤會_B,14,,severe,severe 抓不到手,0.2133,0.02091,75,0907_誤會_B.json,twtsl:907,
研究_A,14,,severe,severe 抓不到手,0.1705,0.01856,129,1775_研究_A.json,twtsl:1775,
研究_B,14,,severe,severe 抓不到手,0.0,0.0179,108,1776_研究_B.json,twtsl:1776,
研究_C,14,,severe,severe 抓不到手,0.0192,0.01747,104,1777_研究_C.json,twtsl:1777,
試試看_N,14,,severe,severe 抓不到手,0.0328,0.01301,122,2287_試試看_N.json,twtsl:2287,
試試看_S,14,,severe,severe 抓不到手,0.0,0.01867,115,2288_試試看_S.json,twtsl:2288,
需要_N,14,,poor,poor 偵測率低,0.4535,0.0221,86,2396_要_N.json,twtsl:2396,
需要_S,14,,severe,severe 抓不到手,0.0,0.01604,88,2397_要_S.json,twtsl:2397,
贏,14,,poor,poor 偵測率低,0.3659,0.03026,82,2460_勝利.json,twtsl:2460,
班級_A,14,,poor,poor 偵測率低,0.504,0.01638,125,3278_班級_A.json,twtsl:3278,
班級_B,14,,poor,poor 偵測率低,0.5385,0.01784,117,3279_班級_B.json,twtsl:3279,
哭,14,,severe,severe 抓不到手,0.186,0.01089,43,moc_G3D2P2.json,moc:G3D2P2,
拍照_A,13,,poor,poor 偵測率低,0.495,0.0208,101,0283_照相_A.json,twtsl:283,
拍照_B,13,,severe,severe 抓不到手,0.0,0.02463,88,0284_拍照_B.json,twtsl:284,
車禍_A,13,,poor,poor 偵測率低,0.3269,0.02144,104,0307_車禍_A.json,twtsl:307,
車禍_B,13,,poor,poor 偵測率低,0.4559,0.0218,68,0308_車禍_B.json,twtsl:308,
容易_C,13,,severe,severe 抓不到手,0.1954,0.02272,87,0641_容易_C.json,twtsl:641,
容易_A,13,,severe,severe 抓不到手,0.0,0.02035,122,0646_容易_A.json,twtsl:646,
容易_B,13,,poor,poor 偵測率低,0.301,0.01691,103,0647_容易_B.json,twtsl:647,
足夠,13,,poor,poor 偵測率低,0.3267,0.0177,101,0687_足夠.json,twtsl:687,
足夠_N,13,,poor,poor 偵測率低,0.3267,0.0177,101,0687_足夠_N.json,twtsl:687,
足夠_S,13,,severe,severe 抓不到手,0.0286,0.01867,105,0688_足夠_S.json,twtsl:688,
夫妻,13,,poor,poor 偵測率低,0.4896,0.01752,96,1047_夫婦.json,moe:vocabulary/02/0227,
夫妻_A,13,,poor,poor 偵測率低,0.4896,0.01752,96,1047_夫婦.json,twtsl:1047,
油_N,13,,severe,severe 抓不到手,0.0,0.01594,136,1505_油_N.json,twtsl:1505,
油_S,13,,severe,severe 抓不到手,0.0286,0.01678,105,1506_油_S.json,twtsl:1506,
睡_A,13,,severe,severe 抓不到手,0.0,0.02519,86,1954_睡_A.json,twtsl:1954,
睡_B,13,,severe,severe 抓不到手,0.0957,0.02298,94,1955_睡_B.json,twtsl:1955,
睡_C,13,,severe,severe 抓不到手,0.0,0.02063,105,1956_睡_C.json,twtsl:1956,
夫妻_B,13,,poor,poor 偵測率低,0.3021,0.02802,96,2924_夫妻_B.json,twtsl:2924,
怎麼,13,,poor,poor 偵測率低,0.4148,0.00454,229,twtsl2_怎麼.json,twtsl:rescan-2026-09,
洗澡_A,12,,severe,severe 抓不到手,0.0526,0.03086,133,0158_洗澡_A.json,twtsl:158,
洗澡_B,12,,poor,poor 偵測率低,0.4125,0.03388,80,0159_洗澡_B.json,twtsl:159,
抓_A,12,,poor,poor 偵測率低,0.3034,0.02044,89,0327_抓_A.json,twtsl:327,
抓_B,12,,severe,severe 抓不到手,0.0308,0.02122,65,0328_抓_B.json,twtsl:328,
聞_B,12,,severe,severe 抓不到手,0.0,0.02037,93,0841_香.json,twtsl:841,
興趣_N,12,,poor,poor 偵測率低,0.3761,0.01511,117,1208_喜歡_N.json,twtsl:1208,
興趣_S,12,,poor,poor 偵測率低,0.3396,0.02056,106,1209_喜歡_S.json,twtsl:1209,
記錄_B,12,,severe,severe 抓不到手,0.0693,0.01865,101,1749_紀錄_B.json,twtsl:1749,
記錄_A,12,,severe,severe 抓不到手,0.1346,0.02205,104,1750_紀錄_A.json,twtsl:1750,
厲害_B,12,,severe,severe 抓不到手,0.0725,0.03006,69,1949_厲害_B.json,twtsl:1949,
厲害_A,12,,severe,severe 抓不到手,0.0505,0.02497,99,1948_厲害_A.json,twtsl:1948,
聞_A,12,,severe,severe 抓不到手,0.0517,0.02072,116,1973_聞_A.json,twtsl:1973,
支持_A,12,,severe,severe 抓不到手,0.1571,0.02364,70,2117_支持_A.json,twtsl:2117,
支持_B,12,,severe,severe 抓不到手,0.0152,0.03905,66,2543_支持_B.json,twtsl:2543,
大賣場_A,12,,poor,poor 偵測率低,0.4741,0.0164,116,2725_購物(量販)中心_A.json,twtsl:2725,
大賣場,12,,poor,poor 偵測率低,0.4741,0.0164,116,2725_購物(量販)中心_A.json,twtsl:2725,大賣場_A
大賣場_B,12,,severe,severe 抓不到手,0.2823,0.02647,124,2726_購物(量販)中心_B.json,twtsl:2726,
聽障_A,12,,poor,poor 偵測率低,0.4222,0.04731,90,2910_聽障_A.json,twtsl:2910,
聽障_B,12,,severe,severe 抓不到手,0.011,0.03316,91,2911_聽障_B.json,twtsl:2911,
一半_A,12,,severe,severe 抓不到手,0.2326,0.02435,86,2976_一半_A.json,twtsl:2976,
一半_B,12,,severe,severe 抓不到手,0.125,0.02141,88,2977_一半_B.json,twtsl:2977,
會不會,12,,poor,poor 偵測率低,0.5882,0.01501,102,3531_會不會.json,twtsl:3531,
會不會_N,12,,poor,poor 偵測率低,0.5882,0.01501,102,3531_會不會_N.json,twtsl:3531,
會不會_S,12,,poor,poor 偵測率低,0.561,0.02415,123,3532_會不會_S.json,twtsl:3532,
三次,12,,poor,poor 偵測率低,0.4667,0.01664,90,moc_G2D2P3.json,moc:G2D2P3,
感冒_A,11,,severe,severe 抓不到手,0.0,0.022,86,0329_感冒_A.json,twtsl:329,
感冒,11,,poor,poor 偵測率低,0.4118,0.01882,85,0330_感冒_B.json,moe:vocabulary/06/0467,
感冒_B,11,,poor,poor 偵測率低,0.4118,0.01882,85,0330_感冒_B.json,twtsl:330,
冬天_A,11,,severe,severe 抓不到手,0.0341,0.02208,88,0424_冬_A.json,twtsl:424,
工廠_A,11,,severe,severe 抓不到手,0.0083,0.01982,120,0736_工廠_A.json,twtsl:736,
工廠_B,11,,severe,severe 抓不到手,0.1068,0.0202,103,0737_工廠_B.json,twtsl:737,
有名,11,,poor,poor 偵測率低,0.5647,0.01711,85,0752_有名.json,twtsl:752,
有名_N,11,,poor,poor 偵測率低,0.5647,0.01711,85,0752_有名_N.json,twtsl:752,
傳真_A,11,,poor,poor 偵測率低,0.3605,0.01716,86,0770_傳真_A.json,twtsl:770,
傳真_B,11,,poor,poor 偵測率低,0.5,0.0187,104,0771_傳真_B.json,twtsl:771,
第一名,11,,poor,poor 偵測率低,0.3955,0.02294,134,0803_第一名.json,twtsl:803,
第一名_N,11,,poor,poor 偵測率低,0.3955,0.02294,134,0803_第一名_N.json,twtsl:803,
第一名_S,11,,severe,severe 抓不到手,0.0112,0.02399,89,0804_第一名_S.json,twtsl:804,
未來_A,11,,severe,severe 抓不到手,0.1111,0.0345,99,0855_以後_A.json,twtsl:855,
未來_B,11,,severe,severe 抓不到手,0.2872,0.02081,94,0856_以後_B.json,twtsl:856,
有名_S,11,,poor,poor 偵測率低,0.3587,0.02281,92,0925_有名_S.json,twtsl:925,
猜_A,11,,poor,poor 偵測率低,0.4414,0.01811,111,0935_猜_A.json,twtsl:935,
猜_B,11,,severe,severe 抓不到手,0.0,0.02017,105,0936_猜_B.json,twtsl:936,
個性_A,11,,severe,severe 抓不到手,0.199,0.01567,196,1614_個性_A.json,twtsl:1614,
個性_B,11,,severe,severe 抓不到手,0.2586,0.01864,116,1615_個性_B.json,twtsl:1615,
持續_A,11,,poor,poor 偵測率低,0.4308,0.03658,65,2058_依然_A.json,twtsl:2058,
驚訝,11,,poor,poor 偵測率低,0.3617,0.01994,94,2047_吃驚.json,moc:G3D10P5,
驚訝_A,11,,poor,poor 偵測率低,0.3617,0.01994,94,2047_吃驚.json,twtsl:2047,
驚訝_B,11,,poor,poor 偵測率低,0.3056,0.02054,72,2048_嚇一跳_B.json,twtsl:2048,
冬天_B,11,,poor,poor 偵測率低,0.4273,0.02687,110,3046_冬天_B.json,twtsl:3046,
手錶,11,,poor,poor 偵測率低,0.5909,0.01395,22,moc_G1D15P1.json,moc:G1D15P1,
以上,11,,poor,poor 偵測率低,0.56,0.02758,50,moc_G3D9P3.json,moc:corpus-gapfill,
兩天,11,,severe,severe 抓不到手,0.2459,0.00853,61,moc_G4D13P4.json,moc:G4D13P4,
再次,11,,poor,poor 偵測率低,0.5714,0.01262,14,moc_I1P2_L.json,moc:I1P2,
解決,11,,poor,poor 偵測率低,0.3711,0.01388,194,twtsl2_解決.json,twtsl:rescan-2026-09,
地址_A,10,,severe,severe 抓不到手,0.0,0.01476,132,0026_地址_A.json,twtsl:26,
地址_B,10,,poor,poor 偵測率低,0.3385,0.04979,130,0027_地址_B.json,twtsl:27,
地址_C,10,,poor,poor 偵測率低,0.3167,0.02157,120,0028_地址_C.json,twtsl:28,
地址_D,10,,poor,poor 偵測率低,0.4667,0.01896,120,0029_地址_D.json,twtsl:29,
自行車_A,10,,severe,severe 抓不到手,0.0417,0.02697,144,0200_自行車_A.json,twtsl:200,
自行車_B,10,,severe,severe 抓不到手,0.05,0.02087,120,0201_自行車_B.json,twtsl:201,
契約_A,10,,poor,poor 偵測率低,0.4262,0.02686,61,0482_契約_A.json,twtsl:482,
契約,10,,poor,poor 偵測率低,0.4086,0.01996,93,0483_契約_B.json,moe:vocabulary/05/0337,
契約_B,10,,poor,poor 偵測率低,0.4086,0.01996,93,0483_契約_B.json,twtsl:483,
不夠_B,10,,severe,severe 抓不到手,0.1667,0.01671,114,1458_不夠_B.json,twtsl:1458,
不夠_A,10,,severe,severe 抓不到手,0.0078,0.01768,129,1459_不夠_A.json,twtsl:1459,
不夠_C,10,,severe,severe 抓不到手,0.25,0.01914,104,1460_不夠_C.json,twtsl:1460,
OK,10,,severe,severe 抓不到手,0.2314,0.02469,121,1507_OK.json,twtsl:1507,
一小時_A,10,,severe,severe 抓不到手,0.0,0.02039,96,1527_一個鐘頭_A.json,twtsl:1527,
一小時_B,10,,severe,severe 抓不到手,0.0261,0.01781,115,1528_一小時_B.json,twtsl:1528,
一小時_C,10,,severe,severe 抓不到手,0.1643,0.01956,140,1529_一小時_C.json,twtsl:1529,
罵_A,10,,severe,severe 抓不到手,0.0593,0.01764,118,1852_罵_A.json,twtsl:1852,
罵_B,10,,severe,severe 抓不到手,0.068,0.02112,103,1853_罵_B.json,twtsl:1853,
鹽_N,10,,poor,poor 偵測率低,0.5876,0.02409,97,1835_鹹_N.json,twtsl:1835,
鹽_S,10,,severe,severe 抓不到手,0.1062,0.0199,113,1836_鹹_S.json,twtsl:1836,
聰明_A,10,,poor,poor 偵測率低,0.4286,0.02536,105,1970_聰明_A.json,twtsl:1970,
聰明_B,10,,severe,severe 抓不到手,0.2235,0.02227,85,1971_聰明_B.json,twtsl:1971,
高_A,10,,poor,poor 偵測率低,0.4603,0.05842,63,2157_高_A.json,twtsl:2157,
高_B,10,,poor,poor 偵測率低,0.4943,0.02111,87,2575_高_B.json,twtsl:2575,
公車站_A,10,,poor,poor 偵測率低,0.4842,0.03402,95,2900_公車站_A.json,twtsl:2900,
公車站,10,,poor,poor 偵測率低,0.4842,0.03402,95,2900_公車站_A.json,twtsl:2900,
公車站_B,10,,poor,poor 偵測率低,0.3417,0.02919,120,2901_公車站_B.json,twtsl:2901,
輪流_B,10,,poor,poor 偵測率低,0.405,0.0243,121,3537_輪流_B.json,twtsl:3537,
輪流_C,10,,poor,poor 偵測率低,0.582,0.01788,122,3538_輪流_C.json,twtsl:3538,
輪流_A,10,,poor,poor 偵測率低,0.3451,0.02411,142,3536_輪流_A.json,twtsl:3536,
建設,10,,severe,severe 抓不到手,0.193,0.02309,114,moe_05_0978.json,moe:vocabulary/05/0978,
觀光,10,,severe,severe 抓不到手,0.2267,0.0431,75,moe_05_2139.json,moe:vocabulary/05/2139,
畫臉譜,10,,poor,poor 偵測率低,0.5735,0.00826,68,moc_I3P2_L.json,moc:I3P2,
老婆,10,,poor,poor 偵測率低,0.5714,0.02114,49,twtsl2_老婆.json,twtsl:rescan-2026-09,
＿,0,S24,missing,缺詞,,,,,,
＿地點,0,S26,missing,缺詞,,,,,,
我,2899,P01|P02|P04|P05|S09|S10|S11|S14|S15|S16|S17|S18|S19|S20|S24|S26|S29|S30,ok,,1.0,0.0101,20,moc_G2D1P1.json,moc:G2D1P1,
去,1528,P04|S15,ok,,1.0,0.01407,55,gs0911_去.json,unknown-d:綠幕-2026-09-11,
你,1221,P03|S01|S23|S25,ok,,0.9714,0.01445,70,moc_G1D4P2.json,moc:G1D4P2,
要,1149,P04|S14|S15|S20|S30,ok,,1.0,0.01337,58,gs0911_要.json,unknown-d:綠幕-2026-09-11,
這,980,S30,ok,,0.9677,0.01368,31,moc_G1D1P1.json,moc:G1D1P1,
什麼_B,703,,ok,,0.6761,0.01883,71,2432_什麼_B.json,twtsl:2432,
什麼,703,S23,ok,,0.9577,0.02146,71,gs0911_什麼.json,unknown-d:綠幕-2026-09-11,
有,597,,ok,,0.9881,0.01103,84,moc_G1D1P1.json,moc:G1D1P1,
不,457,S18,ok,,0.9688,0.01429,32,moc_G2D2P3.json,moc:G2D2P3,
工作,420,,ok,,0.9442,0.01328,215,twtsl2_工作.json,twtsl:rescan-2026-09,
可以,409,S12,ok,,1.0,0.00728,129,moc_G3D3P1.json,moc:G3D3P1,
明天,408,P04,ok,,1.0,0.01757,16,moc_G2D3P2.json,moc:G2D3P2,
今天,404,S22,ok,,0.9091,0.01795,55,gs0911_今天.json,unknown-d:綠幕-2026-09-11,
那,391,,ok,,0.825,0.01632,40,moc_G1D1P1.json,moc:G1D1P1,
再,359,S07,ok,,0.9623,0.02124,53,gs0911_再.json,unknown-d:綠幕-2026-09-11,
想,343,,ok,,1.0,0.01409,13,moc_G1D3P1.json,moc:G1D3P1,
聾人,332,,ok,,0.9333,0.0403,15,moc_G2D2P1.json,moc:G2D2P1,
棒,315,,ok,,1.0,0.00583,30,moc_G4D4P1.json,moc:G4D4P1,
自己,284,,ok,,0.7059,0.01486,119,1874_自己.json,twtsl:1874,
自己_N,284,,ok,,0.7059,0.01486,119,1874_自己_N.json,twtsl:1874,
以前,279,,ok,,1.0,0.00625,275,twtsl2_以前.json,twtsl:rescan-2026-09,
會,269,,ok,,0.8448,0.02512,58,twtsl2_會.json,twtsl:rescan-2026-09,
現在,231,S21,ok,,0.9091,0.01795,55,gs0911_今天.json,unknown-d:綠幕-2026-09-11,今天
告訴,227,,ok,,0.8696,0.04216,23,moc_G4D2P1.json,moc:G4D2P1,
沒有,225,,ok,,0.9259,0.01235,81,moc_G4D3P1.json,moc:G4D3P1,
手語,224,,ok,,0.825,0.02421,40,moc_G3D4P1.json,moc:G3D4P1,
人,222,P05,ok,,1.0,0.00865,32,moc_G1D1P1.json,moc:G1D1P1,
如果,218,,ok,,0.9219,0.01272,64,moc_G1D4P1.json,moc:G1D4P1,
朋友,217,,ok,,0.9286,0.01084,70,moc_G2D1P1.json,moc:G2D1P1,
他們,211,,ok,,0.9355,0.00917,93,moc_G1D1P1.json,moc:G1D1P1,
住,208,P01|P03|S25|S26,ok,,1.0,0.0137,31,moc_G4D1P1.json,moc:G4D1P1,
是,199,,ok,,0.9741,0.00893,116,moc_G2D1P1.json,moc:G2D1P1,
一樣,196,,ok,,1.0,0.00899,36,moc_G3D4P1.json,moc:G3D4P1,
吃,196,,ok,,0.7955,0.01229,132,moc_G4D1P2.json,moc:G4D1P2,
老師_S,194,,ok,,0.6154,0.01626,130,2173_老師_S.json,twtsl:2173,
老師,194,,ok,,0.6879,0.01178,157,2174_老師.json,twtsl:2174,
老師_N,194,,ok,,0.6879,0.01178,157,2174_老師_N.json,twtsl:2174,
我們,192,,ok,,0.9,0.01504,50,moc_G4D1P1.json,moc:G4D1P1,
多,189,,ok,,0.871,0.01366,31,moc_G1D1P1.json,moc:G1D1P1,
完,175,,ok,,0.7303,0.01123,89,twtsl2_完.json,twtsl:rescan-2026-09,
知道,164,S10,ok,,0.9747,0.03017,79,gs0911_知道.json,unknown-d:綠幕-2026-09-11,
喜歡,160,,ok,,0.9879,0.00917,165,twtsl2_喜歡.json,twtsl:rescan-2026-09,
有沒有,156,,ok,,1.0,0.0107,33,moc_G2D2P1.json,moc:G2D2P1,
時間,148,,ok,,1.0,0.01869,30,moc_G4D10P6.json,moc:corpus-gapfill,
買,143,,ok,,0.8878,0.01822,98,moc_G4D3P2.json,moc:G4D3P2,
覺得,142,,ok,,1.0,0.00993,27,moc_G3D2P4.json,moc:G3D2P4,
溝通,136,,ok,,0.7091,0.02841,110,twtsl2_溝通.json,twtsl:rescan-2026-09,
聽人,135,,ok,,1.0,0.00961,25,moc_G2D1P1.json,moc:G2D1P1,
讀書,130,,ok,,0.8125,0.01488,32,moc_G4D3P3.json,moc:G4D3P3,
見,129,,ok,,0.9697,0.01341,33,moc_G1D3P3.json,moc:G1D3P3,
最近,128,,ok,,1.0,0.01385,36,moc_G1D1P1.json,moc:G1D1P1,
手機,126,,ok,,0.75,0.02622,16,moc_G1D3P1.json,moc:G1D3P1,
但是,126,,ok,,0.9027,0.01497,113,twtsl2_但是.json,twtsl:rescan-2026-09,
寫,122,,ok,,0.9775,0.0294,89,moc_G4D3P1.json,moc:G4D3P1,
學校,121,,ok,,1.0,0.01152,41,moc_G4D4P1.json,moc:G4D4P1,
她,116,,ok,,0.9333,0.01293,30,moc_G3D2P1.json,moc:G3D2P1,
找,115,,ok,,0.912,0.02061,125,twtsl2_找.json,twtsl:rescan-2026-09,
玩,114,,ok,,0.8526,0.01232,95,moc_G1D1P1.json,moc:G1D1P1,
媽媽,113,,ok,,0.8991,0.01594,22,desk0912_媽媽.json,signtube:手語天地-2026-09,
家,113,,ok,,1.0,0.00418,23,moc_G4D1P1.json,moc:G4D1P1,
以後,112,,ok,,0.7949,0.01032,78,moc_G2D1P1.json,moc:G2D1P1,
希望,112,,ok,,0.8824,0.02845,17,moc_G2D3P2.json,moc:G2D3P2,
不一樣,110,,ok,,1.0,0.00709,89,moc_G1D3P2.json,moc:G1D3P2,
一,109,,ok,,0.9337,0.01225,196,twtsl2_一.json,twtsl:rescan-2026-09,
像,108,,ok,,1.0,0.00595,56,moc_G2D1P2.json,moc:G2D1P2,
各式各樣,107,,ok,,0.8065,0.01676,31,moc_G1D1P1.json,moc:G1D1P1,
幫忙,106,,ok,,0.8158,0.01608,38,moc_G3D2P1.json,moc:G3D2P1,
為什麼_B,104,,ok,,0.6842,0.02273,57,2453_為什麼_B.json,twtsl:2453,
東西,101,,ok,,1.0,0.00778,33,moc_G4D1P2.json,moc:G4D1P2,
能,100,,ok,,1.0,0.00719,117,moc_G2D3P1.json,moc:G2D3P1,
每天,100,,ok,,0.9787,0.01696,47,moc_G4D4P1.json,moc:G4D4P1,
上班,98,P02,ok,,0.975,0.02053,80,gs0911_上班.json,unknown-d:綠幕-2026-09-11,
習慣,97,,ok,,0.9816,0.00814,163,twtsl2_習慣.json,twtsl:rescan-2026-09,
注意,95,,ok,,1.0,0.00822,26,moc_G3D3P1.json,moc:G3D3P1,
問,94,,ok,,0.9667,0.01688,30,moc_G2D2P1.json,moc:G2D2P1,
對,94,,ok,,0.9444,0.01596,18,moc_G2D4P1.json,moc:G2D4P1,
臺灣,92,,ok,,0.8571,0.03385,14,moc_G2D4P1.json,moc:G2D4P1,
學,92,,ok,,0.9846,0.01055,65,moc_G4D3P1.json,moc:G4D3P1,
一起,91,,ok,,1.0,0.0182,26,moc_G2D2P1.json,moc:G2D2P1,
學生,91,,ok,,1.0,0.0102,43,moc_G3D4P1.json,moc:G3D4P1,
記得,90,,ok,,1.0,0.00986,39,moc_G1D3P3.json,moc:G1D3P3,
幫,90,S19,ok,,0.9524,0.02573,84,gs0911_幫.json,unknown-d:綠幕-2026-09-11,
開始,89,,ok,,0.8427,0.02042,89,moc_G4D6P2.json,moc:G4D6P2,
方便,88,,ok,,1.0,0.00977,39,moc_G3D1P1.json,moc:G3D1P1,
常常,88,,ok,,0.925,0.01759,40,moc_G3D2P1.json,moc:G3D2P1,
視訊,88,,ok,,1.0,0.01224,38,moc_G4D8P3.json,moc:G4D8P3,
如何,87,,ok,,1.0,0.00668,81,moc_G4D1P2.json,moc:G4D1P2,
孩子,86,,ok,,1.0,0.01224,47,moc_G1D1P1.json,moc:G1D1P1,
生活,86,,ok,,0.8913,0.02176,92,moc_G3D1P1.json,moc:G3D1P1,
學習,85,,ok,,1.0,0.01305,35,moc_G3D4P2.json,moc:G3D4P2,
教,83,,ok,,1.0,0.01203,41,moc_G3D4P1.json,moc:G3D4P1,
不會,83,,ok,,1.0,0.0076,146,twtsl2_不會.json,twtsl:rescan-2026-09,
給,80,,ok,,0.9091,0.02818,33,moc_G3D2P3.json,moc:G3D2P3,
醫生,79,,ok,,0.6098,0.02235,41,moc_G2D2P1.json,moc:G2D2P1,
全部,78,,ok,,0.8378,0.01986,37,moc_G1D3P2.json,moc:G1D3P2,
種類,78,,ok,,0.9677,0.01963,62,moc_G3D1P1.json,moc:G3D1P1,
早上,77,,ok,,0.6818,0.042,22,moc_G1D3P1.json,moc:G1D3P1,
醫院,77,,ok,,0.9706,0.01161,34,moc_G2D1P1.json,moc:G2D1P1,
新,77,,ok,,0.9111,0.01395,45,moc_G4D4P3.json,moc:G4D4P3,
小孩,76,,ok,,1.0,0.01105,31,moc_G1D1P1.json,moc:G1D1P1,
沒辦法,76,,ok,,1.0,0.00421,102,moc_G2D1P1.json,moc:G2D1P1,
時候,76,,ok,,0.6181,0.01342,144,twtsl2_時候.json,twtsl:rescan-2026-09,
大家,75,,ok,,0.9848,0.00893,66,moc_G3D3P1.json,moc:G3D3P1,
我們兩個,75,,ok,,0.8699,0.01514,123,twtsl2_我們兩個.json,twtsl:rescan-2026-09,
不錯,74,,ok,,1.0,0.00836,29,moc_G1D3P1.json,moc:G1D3P1,
煮,74,,ok,,1.0,0.01539,42,moc_G4D1P2.json,moc:G4D1P2,
公司,74,,ok,,1.0,0.00656,28,moc_G4D4P3.json,moc:G4D4P3,
吃飯,73,,ok,,1.0,0.00792,68,tslsigner_吃飯.json,tslsigner:吃飯,
聾,72,,ok,,1.0,0.01303,27,moc_G3D4P1.json,moc:G3D4P1,
聽說,72,,ok,,0.6757,0.01201,37,moc_G3D1P2.json,moc:G3D1P2,
大,71,,ok,,1.0,0.00976,44,moc_G1D1P1.json,moc:G1D1P1,
事情,71,,ok,,0.8871,0.0139,124,twtsl2_事.json,twtsl:rescan-2026-09,事
政府,70,,ok,,1.0,0.00941,35,moc_G2D3P1.json,moc:G2D3P1,
聊天,70,,ok,,1.0,0.01165,35,moc_G4D4P1.json,moc:G4D4P1,
開車,69,,ok,,1.0,0.04338,25,moc_G2D4P1.json,moc:G2D4P1,
演講,69,,ok,,1.0,0.00399,68,moc_G2C6_R.json,moc:corpus-gapfill,
欣賞,68,,ok,,1.0,0.00556,19,moc_G1D3P1.json,moc:G1D3P1,
申請,68,,ok,,0.65,0.0128,40,moc_G2D1P3.json,moc:G2D1P3,
進入,68,,ok,,0.8919,0.03555,37,moc_G4D2P1.json,moc:G4D2P1,
網路,67,,ok,,1.0,0.0087,60,moc_G1D6P1.json,moc:G1D6P1,
進步,67,,ok,,1.0,0.01646,14,moc_G2D3P2.json,moc:G2D3P2,
畫畫,66,,ok,,1.0,0.0109,38,moc_G1D7P1.json,moc:G1D7P1,
做,66,,ok,,1.0,0.04227,17,moc_G2D3P2.json,moc:G2D3P2,
台南,65,,ok,,0.9189,0.02147,74,gs0911_台南.json,unknown-d:綠幕-2026-09-11,
訂,64,,ok,,0.9828,0.01088,58,moc_G1D14P1.json,moc:G1D14P1,
打手語,64,,ok,,0.6829,0.02079,41,moc_G3D4P1.json,moc:G3D4P1,
說,64,S07,ok,,1.0,0.00315,29,moc_G3D2P2.json,moc:G3D2P2,
高雄,64,,ok,,0.8873,0.02026,71,gs0911_高雄.json,unknown-d:綠幕-2026-09-11,
第一,64,,ok,,0.994,0.01216,166,twtsl2_第一.json,twtsl:rescan-2026-09,
之前,63,,ok,,0.8444,0.00772,45,moc_G1D4P1.json,moc:G1D4P1,
走,62,,ok,,0.9643,0.03234,28,moc_G2D2P1.json,moc:G2D2P1,
台北,62,P01,ok,,0.907,0.01242,43,moc_G4D15P1.json,moc:G4D15P1,
這兩個,61,,ok,,1.0,0.0045,58,moc_G4C25_L.json,moc:corpus-gapfill,
路,60,,ok,,1.0,0.01776,28,moc_G1D4P1.json,moc:G1D4P1,
二,59,,ok,,0.8333,0.04587,12,moc_G4D4P2.json,moc:G4D4P2,
火車,59,,ok,,0.8827,0.00838,179,twtsl2_火車.json,twtsl:rescan-2026-09,
負責,58,,ok,,0.9565,0.03297,23,moc_G1D5P1.json,moc:G1D5P1,
發現,58,,ok,,1.0,0.00999,46,moc_G2D1P1.json,moc:G2D1P1,
聽,58,S09,ok,,1.0,0.00479,24,moc_G2D1P1.json,moc:G2D1P1,
這些,58,,ok,,1.0,0.01283,63,moc_G2D4P2.json,moc:G2D4P2,
到,58,,ok,,1.0,0.00893,47,moc_G3C2_L.json,moc:corpus-gapfill,
快,58,,ok,,0.9672,0.01807,61,moc_G3D3P2.json,moc:G3D3P2,
準備,58,,ok,,0.8404,0.01518,94,twtsl2_準備.json,twtsl:rescan-2026-09,
感覺,57,,ok,,0.931,0.028,29,moc_G2D2P1.json,moc:G2D2P1,
之後,57,,ok,,0.963,0.03556,27,moc_G4D2P1.json,moc:G4D2P1,
第二,57,,ok,,1.0,0.01617,31,moc_G4D2P2.json,moc:G4D2P2,
清楚,56,,ok,,1.0,0.03274,15,moc_G2D3P2.json,moc:G2D3P2,
喝,56,S14,ok,,1.0,0.01046,239,twtsl2_喝.json,twtsl:rescan-2026-09,
馬上,56,,ok,,0.8736,0.00583,174,twtsl2_馬上.json,twtsl:rescan-2026-09,
手語翻譯,55,,ok,,0.8462,0.01929,91,moc_G2D3P1.json,moc:G2D3P1,
久,55,,ok,,1.0,0.00765,58,moc_G2D3P1.json,moc:G2D3P1,
累,55,S17,ok,,0.9714,0.02772,35,moc_G2D3P2.json,moc:G2D3P2,
心,55,,ok,,1.0,0.00752,30,moc_G3D7P1.json,moc:G3D7P1,
花蓮,54,P04,ok,,0.9412,0.01548,85,gs0911_花蓮.json,unknown-d:綠幕-2026-09-11,
看見,54,,ok,,0.9184,0.00693,49,moc_G1D1P2.json,moc:G1D1P2,
任何,54,,ok,,1.0,0.03775,24,moc_G4D2P1.json,moc:G4D2P1,
哪裡,53,S25,ok,,0.9773,0.01269,88,gs0911_哪裡.json,unknown-d:綠幕-2026-09-11,
乾淨,53,,ok,,0.9355,0.01223,62,moc_G4D2P2.json,moc:corpus-gapfill,
平常,52,,ok,,1.0,0.01098,76,moc_G3D1P1.json,moc:G3D1P1,
衣服,52,,ok,,1.0,0.01366,25,moc_G4D6P1.json,moc:G4D6P1,
比賽,51,,ok,,0.9839,0.0133,62,moc_G2D7P2.json,moc:G2D7P2,
他們兩個,51,,ok,,1.0,0.00707,47,moc_G2D3P1.json,moc:G2D3P1,
不知道,50,S11,ok,,0.9452,0.01917,73,gs0911_不知道.json,unknown-d:綠幕-2026-09-11,
屏東,50,,ok,,1.0,0.01252,73,moc_G1D14P1.json,moc:G1D14P1,
運動,50,,ok,,1.0,0.03575,14,moc_G4D10P5.json,moc:G4D10P5,
看到,49,,ok,,1.0,0.00597,21,moc_G1D3P1.json,moc:G1D3P1,
快樂,49,,ok,,1.0,0.01728,35,moc_G4D4P1.json,moc:G4D4P1,
畢業,49,,ok,,1.0,0.01097,27,moc_G4D4P3.json,moc:G4D4P3,
台中,49,,ok,,0.8592,0.01861,71,gs0911_台中.json,unknown-d:綠幕-2026-09-11,
約,48,,ok,,1.0,0.01776,41,moc_G1D4P2.json,moc:G1D4P2,
上課,48,,ok,,0.9804,0.01868,51,moc_G3D2P2.json,moc:G3D2P2,
宜蘭,47,P03,ok,,0.9212,0.02006,165,signtube_宜蘭.json,signtube:手語天地-2026-09,
不是_B,47,,ok,,0.6452,0.01489,93,1453_不是_B.json,twtsl:1453,
不是,47,,ok,,1.0,0.01062,56,moc_G1D3P2.json,moc:G1D3P2,
開心,47,,ok,,0.88,0.03992,25,moc_G2D2P1.json,moc:G2D2P1,
電視,47,,ok,,0.9362,0.01065,47,moc_G2D3P1.json,moc:G2D3P1,
但,47,,ok,,0.9027,0.01497,113,twtsl2_但.json,twtsl:rescan-2026-09,
先,46,,ok,,0.9375,0.03342,16,moc_G1D5P1.json,moc:G1D5P1,
美國_B,45,,ok,,0.7451,0.02393,51,2332_美國_B.json,twtsl:2332,
結束,45,,ok,,1.0,0.01138,38,moc_G1D1P2.json,moc:G1D1P2,
臺灣手語,45,,ok,,0.9062,0.01409,96,moc_G1D14P3.json,moc:G1D14P3,
手勢,45,,ok,,1.0,0.00741,36,moc_G1D7P1.json,moc:G1D7P1,
發生,45,,ok,,0.9388,0.01738,49,moc_G3D3P4.json,moc:G3D3P4,
順利,45,,ok,,1.0,0.01611,18,moc_G4D4P2.json,moc:G4D4P2,
首先,45,,ok,,0.7241,0.01956,29,moc_G4D5P1.json,moc:G4D5P1,
淡水,45,,ok,,0.9913,0.00905,230,twtsl2_淡水.json,twtsl:rescan-2026-09,
試試,45,,ok,,0.7179,0.02337,78,twtsl2_試試.json,twtsl:rescan-2026-09,
舒服_B,44,,ok,,0.6322,0.01662,87,0432_舒服_B.json,twtsl:432,
設立,44,,ok,,0.9038,0.01778,52,moc_G1D1P1.json,moc:G1D1P1,
還有,44,,ok,,1.0,0.00806,67,moc_G1D1P1.json,moc:G1D1P1,
回家,44,,ok,,0.9604,0.0095,101,moc_G1D1P2.json,moc:G1D1P2,
舒服,44,S18,ok,,1.0,0.00887,81,moc_G1D8P3.json,moc:G1D8P3,
高鐵,44,,ok,,1.0,0.00951,65,moc_G3D3P3.json,moc:G3D3P3,
重要,44,,ok,,1.0,0.01129,57,moc_G3D3P1.json,moc:G3D3P1,
彰化,44,,ok,,0.9266,0.02052,177,signtube_彰化.json,signtube:手語天地-2026-09,
不能,44,,ok,,0.9803,0.00999,152,twtsl2_不能.json,twtsl:rescan-2026-09,
裡面,44,,ok,,1.0,0.01078,128,twtsl2_裡面.json,twtsl:rescan-2026-09,
後來,43,,ok,,0.9512,0.01353,41,moc_G1D4P2.json,moc:G1D4P2,
科技,43,,ok,,0.9831,0.01612,59,moc_G1D4P3.json,moc:G1D4P3,
地方,43,,ok,,0.8095,0.0473,21,moc_G2D12P2.json,moc:G2D12P2,
解釋,43,,ok,,0.9792,0.01267,48,moc_G2D3P1.json,moc:G2D3P1,
影響,43,,ok,,0.9492,0.00545,59,moc_G2D3P1.json,moc:G2D3P1,
旅遊,43,,ok,,0.9848,0.00719,66,moc_G3D10P1.json,moc:G3D10P1,
考試,43,,ok,,0.6667,0.0294,30,moc_G3D2P4.json,moc:G3D2P4,
麻煩,42,,ok,,0.8936,0.01544,47,moc_G1D4P1.json,moc:G1D4P1,
新竹,42,P02,ok,,0.9605,0.01192,76,gs0911_新竹.json,unknown-d:綠幕-2026-09-11,
昨天,42,,ok,,0.8915,0.01356,129,twtsl2_昨天.json,twtsl:rescan-2026-09,
適合,41,,ok,,1.0,0.00764,25,moc_G1D1P2.json,moc:G1D1P2,
大學,41,,ok,,0.7391,0.01708,46,moc_G3D4P2.json,moc:G3D4P2,
電腦,41,,ok,,1.0,0.01045,37,moc_G4D8P3.json,moc:G4D8P3,
難,41,,ok,,0.92,0.01289,25,moc_G4D4P2.json,moc:G4D4P2,
基隆_A(地名),40,,ok,,0.6038,0.03022,53,1138_基隆_A(地名).json,twtsl:1138,
基隆_B(地名),40,,ok,,0.6829,0.03153,41,1139_基隆_B(地名).json,twtsl:1139,
滑手機,40,,ok,,1.0,0.00616,33,moc_G1D3P1.json,moc:G1D3P1,
來,40,,ok,,0.8788,0.01728,33,moc_G1D7P2.json,moc:G1D7P2,
弟弟,40,,ok,,0.8594,0.01333,64,moc_G4D1P3.json,moc:G4D1P3,
桃園,40,P05,ok,,0.9036,0.01632,83,gs0911_桃園.json,unknown-d:綠幕-2026-09-11,
綠島,40,,ok,,0.875,0.03259,88,pn_0855_綠島1.json,placename:855,
蘭嶼,40,,ok,,0.908,0.01786,163,pn_0980_蘭嶼1.json,placename:980,
新北,40,,ok,,0.88,0.02245,75,gs0911_新北.json,unknown-d:綠幕-2026-09-11,
不行,39,,ok,,0.7955,0.01044,44,moc_G1D9P2.json,moc:G1D9P2,
身心障礙,39,,ok,,0.9714,0.01986,35,moc_G2D3P1.json,moc:G2D3P1,
書,39,,ok,,0.8056,0.01458,36,moc_G3D2P3.json,moc:G3D2P3,
換,39,,ok,,0.625,0.01386,32,moc_G4D3P3.json,moc:G4D3P3,
睡覺,39,,ok,,0.8953,0.02267,86,twtsl2_睡覺.json,twtsl:rescan-2026-09,
同學_F,38,,ok,,0.6,0.01804,75,0408_同學_F.json,twtsl:408,
同學_E,38,,ok,,0.7255,0.02139,51,0404_同學_E.json,twtsl:404,
公車_B,38,,ok,,0.6716,0.0418,67,2513_公共汽車_B.json,twtsl:2513,
同事_A,38,,ok,,0.7397,0.02241,73,3237_同事_A.json,twtsl:3237,
同事_B,38,,ok,,0.7143,0.02225,98,3238_同事_B.json,twtsl:3238,
計畫,38,,ok,,1.0,0.01219,39,moc_G2D3P1.json,moc:G2D3P1,
公車,38,,ok,,1.0,0.00621,60,moc_G3D3P3.json,moc:G3D3P3,
同學,38,,ok,,0.96,0.023,25,moc_G4D4P2.json,moc:G4D4P2,
同事,38,,ok,,1.0,0.00992,59,moc_G4D4P3.json,moc:G4D4P3,
中山,38,,ok,,0.9275,0.02131,138,pn_0116_中山.json,placename:116,
北投,38,,ok,,0.7739,0.02286,115,pn_0208_北投1.json,placename:208,
西門町,38,,ok,,0.93,0.0264,100,pn_0375_西門町.json,placename:375,
士林,38,,ok,,0.6789,0.0113,218,twtsl2_士林.json,twtsl:rescan-2026-09,
板橋,38,,ok,,0.6963,0.01639,135,twtsl2_板橋.json,twtsl:rescan-2026-09,
環視,37,,ok,,1.0,0.00706,81,moc_G1D1P1.json,moc:G1D1P1,
剛剛,37,,ok,,1.0,0.01289,38,moc_G1D13P3.json,moc:G1D13P3,
咖啡,37,,ok,,0.8378,0.01587,37,moc_G1D10P1.json,moc:G1D10P1,
活動,37,,ok,,0.8235,0.01785,68,moc_G2D7P2.json,moc:G2D7P2,
一點點,37,,ok,,1.0,0.01492,19,moc_G2D2P3.json,moc:G2D2P3,
比較,37,,ok,,1.0,0.00932,45,moc_G2D3P1.json,moc:G2D3P1,
下午,37,,ok,,0.8421,0.03476,19,moc_G2D4P1.json,moc:G2D4P1,
保護,37,,ok,,0.7292,0.00836,48,moc_G3D3P2.json,moc:G3D3P2,
水,37,S14,ok,,1.0,0.00741,155,twtsl2_水.json,twtsl:rescan-2026-09,
那裡,36,,ok,,1.0,0.00911,47,moc_G1D1P1.json,moc:G1D1P1,
公園,36,,ok,,0.9565,0.02723,23,moc_G1D5P1.json,moc:G1D5P1,
不成,36,,ok,,1.0,0.00439,51,moc_G1D6P1.json,moc:G1D6P1,
參加,36,,ok,,0.6857,0.02758,35,moc_G2D10P4.json,moc:G2D10P4,
練習,36,,ok,,0.95,0.0221,20,moc_G2D6P1.json,moc:G2D6P1,
誰,36,,ok,,0.9833,0.00671,60,moc_G2D3P1.json,moc:G2D3P1,
討論,36,,ok,,0.9846,0.00802,130,moc_G3D3P1.json,moc:G3D3P1,
外面,36,,ok,,1.0,0.01074,33,moc_G4D1P1.json,moc:G4D1P1,
可能,35,,ok,,0.8846,0.03306,26,moc_G2D4P1.json,moc:G2D4P1,
旅行,35,,ok,,0.9796,0.00784,49,moc_G2D8P2.json,moc:G2D8P2,
針對,35,,ok,,0.8857,0.01267,35,moc_G3D4P1.json,moc:G3D4P1,
休息,35,,ok,,0.8511,0.00962,47,moc_G3D2P2.json,moc:G3D2P2,
文化,35,,ok,,0.7941,0.01754,68,moc_G3D8P3.json,moc:G3D8P3,
坐,35,,ok,,0.9474,0.01091,38,moc_G4D3P1.json,moc:G4D3P1,
決定,35,,ok,,0.9733,0.00509,75,twtsl2_決定.json,twtsl:rescan-2026-09,
老是,35,,ok,,0.9313,0.01338,131,twtsl2_老是.json,twtsl:rescan-2026-09,
聯絡,34,,ok,,0.9655,0.01111,29,moc_G1D4P1.json,moc:G1D4P1,
例如,34,,ok,,0.9167,0.01553,72,moc_G1D4P2.json,moc:G1D4P2,
顏色,34,,ok,,1.0,0.00276,29,moc_G2D16P2.json,moc:G2D16P2,
突然,34,,ok,,0.8519,0.01996,27,moc_G2D1P1.json,moc:G2D1P1,
說話,34,,ok,,1.0,0.00556,53,moc_G2D1P2.json,moc:G2D1P2,
國小,34,,ok,,1.0,0.0039,56,moc_G4D4P1.json,moc:G4D4P1,
妹妹,34,,ok,,0.8476,0.01785,105,twtsl2_妹妹.json,twtsl:rescan-2026-09,
不懂_A,33,,ok,,0.7465,0.02316,71,1471_不懂_A.json,twtsl:1471,
不懂_B,33,,ok,,0.7294,0.03162,85,1472_不懂_B.json,twtsl:1472,
障礙_A,33,,ok,,0.7077,0.01867,65,1489_障礙_A.json,twtsl:1489,
努力,33,,ok,,0.8056,0.02895,36,moc_G1D2.json,moc:G1D2,
擔心,33,,ok,,1.0,0.00667,104,moc_G2D3P1.json,moc:G2D3P1,
障礙,33,,ok,,1.0,0.0017,31,moc_G3D3P4.json,moc:G3D3P4,
眼睛,33,,ok,,0.9744,0.00776,39,moc_G3D6P1.json,moc:G3D6P1,
報名,33,,ok,,0.9423,0.01668,52,moc_G3D2P1.json,moc:G3D2P1,
安全,33,,ok,,0.8784,0.00814,74,moc_G3D3P1.json,moc:G3D3P1,
健康,33,,ok,,1.0,0.01648,43,moc_G3D7P2.json,moc:G3D7P2,
不懂,33,S09,ok,,0.9268,0.03852,41,moc_G4D2P1.json,moc:G4D2P1,
設計,33,,ok,,1.0,0.01067,39,moc_G4D7P1.json,moc:G4D7P1,
錢,33,,ok,,1.0,0.00874,36,moc_G4D3P2.json,moc:G4D3P2,
一定,33,,ok,,0.8916,0.00578,286,twtsl2_一定.json,twtsl:rescan-2026-09,
名字,32,S23|S24,ok,,0.9552,0.01509,67,gs0911_名字.json,unknown-d:綠幕-2026-09-11,
怎麼辦,32,,ok,,0.9344,0.01001,61,moc_G1D4P1.json,moc:G1D4P1,
原本,32,,ok,,0.9062,0.01685,32,moc_G2D16P1.json,moc:G2D16P1,
閱讀,32,,ok,,1.0,0.00552,75,moc_G2D3P1.json,moc:G2D3P1,
一次,32,S07,ok,,0.9062,0.01596,32,moc_G2D5P1.json,moc:G2D5P1,
放鬆,32,,ok,,1.0,0.01587,63,moc_G3D7P1.json,moc:G3D7P1,
讀,32,,ok,,0.75,0.02045,12,moc_G4D11P1.json,moc:G4D11P1,
辛苦,32,,ok,,0.985,0.01146,133,moc_G4D1P3.json,moc:G4D1P3,
國外,32,,ok,,0.8056,0.01063,72,moc_I1P4_R.json,moc:I1P4,
還好,31,,ok,,0.9545,0.0268,22,moc_G2D11P1.json,moc:G2D11P1,
多少錢,31,S27,ok,,1.0,0.00565,28,moc_G2D6P2.json,moc:G2D6P2,
張,31,,ok,,0.8696,0.03993,23,moc_G2D2P3.json,moc:G2D2P3,
真的,31,,ok,,0.9737,0.01134,38,moc_G3D2P1.json,moc:G3D2P1,
少,31,,ok,,0.9639,0.01326,83,moc_G3D2P4.json,moc:G3D2P4,
臺南,31,,ok,,1.0,0.00639,30,moc_G4D4P1.json,moc:G4D4P1,
年輕,31,,ok,,0.9953,0.0109,212,twtsl2_年輕.json,twtsl:rescan-2026-09,
電影,31,,ok,,0.6869,0.04381,99,twtsl2_電影.json,twtsl:rescan-2026-09,
老,30,,ok,,0.8462,0.01392,39,moc_G1D4P2.json,moc:G1D4P2,
建議,30,,ok,,1.0,0.01405,62,moc_G2D16P1.json,moc:corpus-gapfill,
重,30,,ok,,0.9,0.01544,20,moc_G2D1P1.json,moc:G2D1P1,
複雜,30,,ok,,1.0,0.00518,74,moc_G2D2P2.json,moc:G2D2P2,
志工,30,,ok,,0.9615,0.02583,26,moc_G2D5P1.json,moc:G2D5P1,
家人,30,,ok,,0.9683,0.00859,63,moc_G4D1P3.json,moc:G4D1P3,
兒子,30,,ok,,1.0,0.02144,44,moc_G4D6P1.json,moc:G4D6P1,
三,30,,ok,,1.0,0.02424,22,moc_G4D4P2.json,moc:G4D4P2,
幫助,30,,ok,,0.783,0.031,106,twtsl2_幫助.json,twtsl:rescan-2026-09,
表情,30,,ok,,0.9839,0.01805,62,twtsl2_表情.json,twtsl:rescan-2026-09,
從來沒有_B,29,,ok,,0.6667,0.0278,39,1407_很久沒有.json,twtsl:1407,
餐廳,29,,ok,,0.875,0.02175,24,moc_G1D10P2.json,moc:G1D10P2,
從來沒有,29,,ok,,0.9286,0.0204,28,moc_G1D3P1.json,moc:G1D3P1,
還沒,29,,ok,,1.0,0.01131,35,moc_G1D4P1.json,moc:G1D4P1,
打電話,29,,ok,,0.9474,0.01599,114,moc_G1D4P1.json,moc:G1D4P1,
簡單,29,,ok,,0.9184,0.02467,98,moc_G1D4P2.json,moc:G1D4P2,
原來,29,,ok,,0.775,0.01081,40,moc_G1D7P1.json,moc:G1D7P1,
過程,29,,ok,,1.0,0.00523,54,moc_G2D2P2.json,moc:G2D2P2,
山,29,,ok,,1.0,0.03015,30,moc_G2D4P1.json,moc:G2D4P1,
見到,29,,ok,,1.0,0.00751,36,moc_G3D3P1.json,moc:G3D3P1,
第二個,29,,ok,,0.9355,0.03125,31,moc_G4D12P2.json,moc:G4D12P2,
第三,29,,ok,,0.8864,0.01407,44,moc_G4D2P2.json,moc:G4D2P2,
台灣,29,,ok,,0.8769,0.01215,130,twtsl2_台灣.json,twtsl:rescan-2026-09,
素,28,,ok,,1.0,0.00498,23,moc_G1D16P1.json,moc:G1D16P1,
交給,28,,ok,,0.8226,0.01473,62,moc_G1D8P1.json,moc:G1D8P1,
下次,28,,ok,,0.875,0.04465,16,moc_G2D6P1.json,moc:G2D6P1,
熱,28,,ok,,0.875,0.04285,32,moc_G2D4P1.json,moc:G2D4P1,
老闆,28,,ok,,0.9821,0.02108,56,moc_G4D3P2.json,moc:G4D3P2,
筆談,28,,ok,,1.0,0.0178,21,moc_G4D4P2.json,moc:G4D4P2,
人員,28,,ok,,0.9677,0.00699,62,moc_I2P2_L.json,moc:corpus-gapfill,
鼓勵,28,,ok,,0.6164,0.0215,73,twtsl2_鼓勵.json,twtsl:rescan-2026-09,
展覽,27,,ok,,0.8788,0.01152,33,moc_G1D3P3.json,moc:G1D3P3,
程度,27,,ok,,1.0,0.00471,60,moc_G2D1P1.json,moc:G2D1P1,
翻譯,27,,ok,,1.0,0.01804,24,moc_G2D2P1.json,moc:G2D2P1,
起床,27,,ok,,0.8125,0.01096,48,moc_G3D2P3.json,moc:G3D2P3,
外婆,27,,ok,,0.8676,0.00606,287,twtsl2_外婆.json,twtsl:rescan-2026-09,
繼續,27,,ok,,0.8938,0.0137,113,twtsl2_繼續.json,twtsl:rescan-2026-09,
慢,26,S08,ok,,0.9714,0.01935,70,gs0911_慢.json,unknown-d:綠幕-2026-09-11,
不好,26,,ok,,0.9545,0.01989,22,moc_G1D15P3.json,moc:G1D15P3,
帶,26,,ok,,1.0,0.01355,34,moc_G1D1P1.json,moc:G1D1P1,
左右,26,,ok,,1.0,0.00816,44,moc_G1D1P2.json,moc:G1D1P2,
臉書,26,,ok,,1.0,0.00617,16,moc_G1D3P1.json,moc:G1D3P1,
打字,26,,ok,,1.0,0.00909,37,moc_G1D6P1.json,moc:G1D6P1,
加,26,,ok,,0.8723,0.01473,47,moc_G2D7P2.json,moc:G2D7P2,
當然,26,,ok,,1.0,0.00479,93,moc_G2D4P2.json,moc:G2D4P2,
開竅,26,,ok,,1.0,0.02738,17,moc_G2D9P2.json,moc:G2D9P2,
英文,26,,ok,,0.8095,0.02808,21,moc_G4D12P1.json,moc:G4D12P1,
唯一,26,,ok,,1.0,0.00573,61,moc_G4D4P3.json,moc:G4D4P3,
其他,26,,ok,,0.8333,0.01723,24,moc_G4D5P1.json,moc:G4D5P1,
別人,26,,ok,,0.9167,0.01958,12,moc_G4D9P2.json,moc:G4D9P2,
接下來,26,,ok,,0.9362,0.01005,94,twtsl2_接下來.json,twtsl:rescan-2026-09,
進去,25,,ok,,1.0,0.01543,42,moc_G1D7P1.json,moc:G1D7P1,
船,25,,ok,,0.7105,0.01015,38,moc_G2D16P1.json,moc:G2D16P1,
幸好,25,,ok,,0.9178,0.02015,73,moc_G2D2P1.json,moc:G2D2P1,
觀賞,25,,ok,,1.0,0.00377,50,moc_G2D3P1.json,moc:G2D3P1,
種種,25,,ok,,0.6,0.00941,55,moc_G2D8P1.json,moc:G2D8P1,
吵架,25,,ok,,0.9524,0.04334,21,moc_G2D9P1.json,moc:G2D9P1,
印象,25,,ok,,0.9659,0.01706,88,moc_G3D10P3.json,moc:G3D10P3,
過了,25,,ok,,0.9737,0.00856,38,moc_G3C32_L.json,moc:corpus-gapfill,
忘記,25,,ok,,0.9762,0.01522,42,moc_G3D2P3.json,moc:G3D2P3,
火災,25,,ok,,0.9167,0.02208,24,moc_G4D14P1.json,moc:G4D14P1,
店,25,,ok,,1.0,0.01114,45,moc_G4D1P3.json,moc:G4D1P3,
回去,25,,ok,,0.9844,0.01299,64,moc_G4D4P3.json,moc:G4D4P3,
改,25,,ok,,0.8447,0.01119,103,twtsl2_改.json,twtsl:rescan-2026-09,
票,24,,ok,,1.0,0.01102,34,moc_G1D14P3.json,moc:G1D14P3,
大部分,24,,ok,,0.9216,0.01429,51,moc_G1D4P1.json,moc:G1D4P1,
你們,24,,ok,,0.9118,0.02103,34,moc_G1D4P2.json,moc:G1D4P2,
會議,24,,ok,,0.9792,0.01175,48,moc_G1D4P3.json,moc:G1D4P3,
聽損,24,,ok,,1.0,0.00385,33,moc_G2D1P1.json,moc:G2D1P1,
世界,24,,ok,,0.9825,0.00794,57,moc_G3D16P4.json,moc:G3D16P4,
整理,24,,ok,,0.9118,0.01367,34,moc_G3D2P3.json,moc:G3D2P3,
年,24,,ok,,1.0,0.01101,52,moc_G4D15P1.json,moc:G4D15P1,
分享,24,,ok,,0.8281,0.02164,64,moc_G4D6P1.json,moc:G4D6P1,
變,24,,ok,,0.8974,0.00663,39,moc_I4P1_L.json,moc:corpus-gapfill,
風景,23,,ok,,0.9556,0.0092,45,moc_G1D3P2.json,moc:G1D3P2,
地震,23,,ok,,0.9483,0.0224,58,moc_G2D11P1.json,moc:G2D11P1,
爬山,23,,ok,,0.9167,0.0267,48,moc_G2D2P1.json,moc:G2D2P1,
好不好,23,,ok,,1.0,0.00572,48,moc_G2D3P1.json,moc:G2D3P1,
咖啡店,23,,ok,,1.0,0.0043,65,moc_G3C5_L.json,moc:G3C5,
出門,23,,ok,,1.0,0.01526,35,moc_G3D2P3.json,moc:G3D2P3,
帶去,23,,ok,,0.9655,0.01255,87,moc_G3D2P3.json,moc:G3D2P3,
壓力,23,,ok,,0.8563,0.01872,174,signtube_壓力.json,signtube:手語天地-2026-09,
文字,23,,ok,,0.8871,0.01154,62,moc_G3D8P2.json,moc:G3D8P2,
技術,23,,ok,,0.8846,0.02024,26,moc_G3D8P2.json,moc:G3D8P2,
忙,23,,ok,,1.0,0.01944,23,moc_G4D11P1.json,moc:G4D11P1,
跑,23,,ok,,0.6316,0.03162,19,moc_G4D11P3.json,moc:G4D11P3,
第一個,23,,ok,,1.0,0.0271,19,moc_G4D12P1.json,moc:G4D12P1,
內容,23,,ok,,0.8095,0.03499,21,moc_G4D12P2.json,moc:G4D12P2,
很多,23,,ok,,0.8229,0.02068,96,moc_G4D1P1.json,moc:G4D1P1,
AI,23,,ok,,0.9623,0.01041,53,moc_G4D8P3.json,moc:G4D8P3,
味道,23,,ok,,0.9839,0.0053,62,twtsl2_味道.json,twtsl:rescan-2026-09,
差,23,,ok,,0.9946,0.00894,185,twtsl2_差.json,twtsl:rescan-2026-09,
最後,23,,ok,,1.0,0.00642,210,twtsl2_最後.json,twtsl:rescan-2026-09,
經驗過,23,,ok,,0.9333,0.01119,165,twtsl2_經驗過.json,twtsl:rescan-2026-09,
忍耐,22,,ok,,1.0,0.00582,53,moc_G1D13P3.json,moc:G1D13P3,
懂,22,,ok,,0.8889,0.04529,36,moc_G1D2.json,moc:G1D2,
意思,22,,ok,,0.8235,0.01772,34,moc_G1D4P2.json,moc:G1D4P2,
太太,22,,ok,,0.8636,0.02755,22,moc_G1D5P1.json,moc:G1D5P1,
等候,22,,ok,,0.9365,0.03811,63,moc_G1D5P1.json,moc:G1D5P1,
銀行,22,,ok,,0.9762,0.01203,42,moc_G1D6P1.json,moc:G1D6P1,
越來越多,22,,ok,,0.8108,0.02021,37,moc_G2D5P2.json,moc:G2D5P2,
忽然,22,,ok,,0.9032,0.02999,31,moc_G2D2P1.json,moc:G2D2P1,
或,22,,ok,,0.875,0.04801,16,moc_G2D3P2.json,moc:G2D3P2,
知識,22,,ok,,0.863,0.01453,73,moc_G3D4P4.json,moc:G3D4P4,
食物,22,,ok,,1.0,0.01138,51,moc_G3D1P1.json,moc:G3D1P1,
麵包,22,,ok,,0.9143,0.01257,35,moc_G3D1P2.json,moc:G3D1P2,
危險,22,,ok,,1.0,0.00603,55,moc_G3D3P1.json,moc:G3D3P1,
過,22,,ok,,0.775,0.02115,40,moc_G3D9P2.json,moc:G3D9P2,
主管,22,,ok,,0.7711,0.01605,83,moc_G3D9P3.json,moc:G3D9P3,
好奇,22,,ok,,0.9651,0.01468,86,moc_G4D3P2.json,moc:G4D3P2,
國中,22,,ok,,0.9062,0.00917,32,moc_G4D4P1.json,moc:G4D4P1,
環境,22,,ok,,1.0,0.00824,37,moc_G4D4P3.json,moc:G4D4P3,
叫,22,,ok,,0.9947,0.00715,189,twtsl2_叫.json,twtsl:rescan-2026-09,
計程車,22,,ok,,0.8119,0.0206,101,twtsl2_計程車.json,twtsl:rescan-2026-09,
魚,22,,ok,,1.0,0.00775,158,twtsl2_魚.json,twtsl:rescan-2026-09,
社會,21,,ok,,0.7015,0.02059,67,2587_社會.json,twtsl:2587,
社會_N,21,,ok,,0.7015,0.02059,67,2587_社會_N.json,twtsl:2587,
房子,21,,ok,,0.9326,0.0071,89,moc_G1D3P2.json,moc:G1D3P2,
配合,21,,ok,,1.0,0.00648,37,moc_G2D7P3.json,moc:G2D7P3,
拿,21,,ok,,1.0,0.00774,38,moc_G2D3P1.json,moc:G2D3P1,
水果,21,,ok,,1.0,0.00556,28,moc_G2D4P2.json,moc:G2D4P2,
租,21,,ok,,1.0,0.00759,50,moc_G2D8P2.json,moc:G2D8P2,
糖果,21,,ok,,0.7778,0.04334,18,moc_G2D9P1.json,moc:G2D9P1,
附近,21,,ok,,0.7778,0.01859,36,moc_G3D5P1.json,moc:G3D5P1,
大女兒,21,,ok,,1.0,0.01408,44,moc_G3D2P1.json,moc:G3D2P1,
一個月,21,,ok,,0.7143,0.04918,35,moc_G4D12P1.json,moc:G4D12P1,
各種,21,,ok,,0.7045,0.0108,44,moc_G4D8P3.json,moc:G4D8P3,
人去,21,,ok,,1.0,0.02462,34,moc_G4D9P1.json,moc:G4D9P1,
2009,21,,ok,,1.0,0.00359,64,moc_I2P1_L.json,moc:I2P1,
美國手語,21,,ok,,1.0,0.0043,52,moc_I5P1_L.json,moc:I5P1,
採訪,21,,ok,,0.876,0.02434,121,twtsl2_採訪.json,twtsl:rescan-2026-09,
遲到,20,,ok,,0.75,0.02419,48,moc_G1D15P3.json,moc:G1D15P3,
壞,20,,ok,,0.68,0.01137,100,moc_G1D15P1.json,moc:G1D15P1,
電話,20,,ok,,0.9143,0.02016,35,moc_G1D4P1.json,moc:G1D4P1,
經驗,20,,ok,,0.9756,0.00873,41,moc_G1D6P1.json,moc:G1D6P1,
骨頭,20,,ok,,1.0,0.00997,26,moc_G2D2P3.json,moc:G2D2P3,
正,20,,ok,,1.0,0.00731,48,moc_G2D3P1.json,moc:G2D3P1,
候選人,20,,ok,,1.0,0.01466,95,moc_G2D3P1.json,moc:G2D3P1,
團體,20,,ok,,0.92,0.02373,25,moc_G2D3P2.json,moc:G2D3P2,
好吃,20,,ok,,0.9891,0.00812,92,moc_G2D4P2.json,moc:G2D4P2,
小女兒,20,,ok,,1.0,0.00879,41,moc_G3D2P1.json,moc:G3D2P1,
警察,20,,ok,,0.9189,0.01411,37,moc_G3D6P4.json,moc:G3D6P4,
紀錄,20,,ok,,0.7353,0.0138,34,moc_G3D8P2.json,moc:G3D8P2,
小說,20,,ok,,1.0,0.02225,20,moc_G4D11P4.json,moc:G4D11P4,
邀請,20,,ok,,1.0,0.01084,43,moc_G4D14P1.json,moc:G4D14P1,
接近,20,,ok,,1.0,0.00355,44,moc_G4C41_R.json,moc:corpus-gapfill,
安排,20,,ok,,0.6531,0.0076,49,moc_G4D16P3.json,moc:G4D16P3,
面試,20,,ok,,1.0,0.01091,52,moc_G4D8P1.json,moc:G4D8P1,
沒問題,20,,ok,,0.7835,0.01186,97,moc_G4D8P3.json,moc:G4D8P3,
高中,20,,ok,,1.0,0.00746,41,moc_G4D4P1.json,moc:G4D4P1,
相處,20,,ok,,1.0,0.01413,40,moc_G4D4P3.json,moc:G4D4P3,
慢慢,20,,ok,,0.6,0.02567,30,moc_G4D9P2.json,moc:G4D9P2,
體育,20,,ok,,0.98,0.01735,200,twtsl2_體育.json,twtsl:rescan-2026-09,
前,19,,ok,,0.9375,0.01553,48,moc_G1D10P3.json,moc:G1D10P3,
下一個,19,,ok,,1.0,0.01193,55,moc_G1D3P2.json,moc:G1D3P2,
認識,19,,ok,,0.8889,0.01218,45,moc_G1D4P1.json,moc:G1D4P1,
派,19,,ok,,0.875,0.01518,32,moc_G1D4P1.json,moc:G1D4P1,
限制,19,,ok,,1.0,0.01974,30,moc_G1D4P2.json,moc:G1D4P2,
免費,19,,ok,,0.902,0.03832,51,moc_G1D5P1.json,moc:G1D5P1,
證明,19,,ok,,1.0,0.00768,14,moc_G2D1P3.json,moc:G2D1P3,
飯,19,,ok,,0.9688,0.00838,32,moc_G2D14P2.json,moc:G2D14P2,
陪伴,19,,ok,,1.0,0.02573,19,moc_G2D5P1.json,moc:G2D5P1,
鄰居,19,,ok,,0.931,0.01261,58,moc_G3D2P4.json,moc:G3D2P4,
臺北,19,,ok,,1.0,0.0121,37,moc_G4D4P3.json,moc:G4D4P3,
遇到,19,,ok,,0.9091,0.01933,55,moc_G4D4P3.json,moc:G4D4P3,
幫我,19,,ok,,0.8442,0.01466,77,twtsl2_幫我.json,twtsl:rescan-2026-09,
技巧,19,,ok,,0.8716,0.01252,109,twtsl2_技巧.json,twtsl:rescan-2026-09,
車,19,,ok,,0.7965,0.01343,113,twtsl2_車.json,twtsl:rescan-2026-09,
加入_B,18,,ok,,0.7217,0.01706,115,1126_加入_B.json,twtsl:1126,
訓練_B,18,,ok,,0.7739,0.01369,115,2271_訓練_B.json,twtsl:2271,
父母,18,,ok,,0.9062,0.01556,32,moc_G1D16P1.json,moc:G1D16P1,
日本,18,,ok,,0.9231,0.01314,39,moc_G1D1P2.json,moc:G1D1P2,
自然,18,,ok,,0.9375,0.01124,32,moc_G1D11P2.json,moc:G1D11P2,
出,18,,ok,,0.7826,0.0152,23,moc_G1D12P1.json,moc:G1D12P1,
回答,18,,ok,,0.9286,0.01408,42,moc_G1D4P2.json,moc:G1D4P2,
沒關係,18,,ok,,0.8125,0.01261,48,moc_G1D7P2.json,moc:G1D7P2,
貴,18,S28,ok,,0.9831,0.01303,59,gs0911_貴.json,unknown-d:綠幕-2026-09-11,
複製,18,,ok,,0.6667,0.02252,30,moc_G2D10P3.json,moc:G2D10P3,
招來,18,,ok,,0.9231,0.04271,13,moc_G2D11P2.json,moc:G2D11P2,
老人,18,,ok,,0.9688,0.03003,32,moc_G2D5P1.json,moc:G2D5P1,
挑選,18,,ok,,0.9483,0.01092,58,moc_G3D1P3.json,moc:G3D1P3,
隨便,18,,ok,,1.0,0.01595,30,moc_G3D2P3.json,moc:G3D2P3,
拍攝,18,,ok,,0.925,0.01378,40,moc_G3D8P2.json,moc:G3D8P2,
整天,18,,ok,,0.6154,0.04227,26,moc_G4D11P3.json,moc:G4D11P3,
提,18,,ok,,0.9,0.015,30,moc_G4D15P2.json,moc:G4D15P2,
賣,18,,ok,,0.7456,0.01578,114,moc_G4D1P3.json,moc:G4D1P3,
刷牙,18,,ok,,0.8333,0.0097,42,moc_G4D6P1.json,moc:G4D6P1,
主要,18,,ok,,0.871,0.01607,31,moc_G4D4P1.json,moc:G4D4P1,
讀唇,18,,ok,,0.92,0.02861,25,moc_G4D4P2.json,moc:G4D4P2,
不用,18,,ok,,0.6026,0.0056,156,twtsl2_不用.json,twtsl:rescan-2026-09,
中午,18,,ok,,0.9902,0.00892,205,twtsl2_中午.json,twtsl:rescan-2026-09,
加入,18,,ok,,0.915,0.00826,200,twtsl2_加入.json,twtsl:rescan-2026-09,
受傷,18,,ok,,0.7928,0.00929,111,twtsl2_受傷.json,twtsl:rescan-2026-09,
大概,18,,ok,,0.9917,0.00797,241,twtsl2_大概.json,twtsl:rescan-2026-09,
影片,18,,ok,,0.6768,0.04448,99,twtsl2_影片.json,twtsl:rescan-2026-09,
每,18,,ok,,0.6697,0.02438,109,twtsl2_每.json,twtsl:rescan-2026-09,
難過,18,,ok,,0.8762,0.00553,105,twtsl2_難過.json,twtsl:rescan-2026-09,
颱風,17,,ok,,0.7808,0.02528,73,moc_G1D11P1.json,moc:G1D11P1,
商店,17,,ok,,0.9778,0.00919,45,moc_G1D12P2.json,moc:G1D12P2,
請,17,S07|S08|S19,ok,,0.9167,0.01812,72,gs0911_請.json,unknown-d:綠幕-2026-09-11,
妳,17,,ok,,0.9714,0.01445,70,moc_G1D4P2.json,moc:G1D4P2,你
自助,17,,ok,,0.8933,0.01143,75,moc_G1D4P3.json,moc:G1D4P3,
門,17,,ok,,1.0,0.00846,29,moc_G1D7P1.json,moc:G1D7P1,
資料,17,,ok,,1.0,0.00927,27,moc_G2C21_R.json,moc:corpus-gapfill,
緊張,17,,ok,,1.0,0.01062,38,moc_G2D16P2.json,moc:G2D16P2,
天氣,17,,ok,,1.0,0.01001,58,moc_G2D4P2.json,moc:G2D4P2,
問題,17,,ok,,1.0,0.00986,34,moc_G3D14P1.json,moc:G3D14P1,
新鮮,17,,ok,,1.0,0.01346,68,moc_G3D15P2.json,moc:corpus-gapfill,
聽不見,17,,ok,,0.7447,0.01201,94,moc_G3D4P1.json,moc:G3D4P1,
帶走,17,,ok,,0.8533,0.01767,75,moc_G3D2P3.json,moc:G3D2P3,
她們兩個,17,,ok,,0.9474,0.0108,38,moc_G3D7P1.json,moc:G3D7P1,
夜市,17,,ok,,0.898,0.01444,98,moc_G3D7P1.json,moc:G3D7P1,
歷史,17,,ok,,0.6222,0.02686,45,moc_G3D8P1.json,moc:G3D8P1,
故事,17,,ok,,0.8182,0.02064,55,moc_G3D8P2.json,moc:G3D8P2,
接觸,17,,ok,,1.0,0.01765,15,moc_G4D11P2.json,moc:G4D11P2,
從小到大,17,,ok,,0.8889,0.01889,99,moc_G4D1P1.json,moc:G4D1P1,
算了,17,,ok,,0.8396,0.01584,106,moc_G4D1P1.json,moc:G4D1P1,
長大,17,,ok,,0.8846,0.02483,26,moc_G4D2P1.json,moc:G4D2P1,
窗戶,17,,ok,,0.9268,0.04568,41,moc_G4D2P1.json,moc:G4D2P1,
依舊,17,,ok,,0.7692,0.02095,26,moc_G4D5P2.json,moc:corpus-gapfill,
小時候,17,,ok,,0.9512,0.01359,123,moc_G4D3P1.json,moc:G4D3P1,
不管,17,,ok,,0.7576,0.0168,33,moc_G4D4P1.json,moc:G4D4P1,
終於,17,,ok,,0.9697,0.00639,99,moc_G4D4P3.json,moc:G4D4P3,
下車,17,,ok,,0.8214,0.02699,84,twtsl2_下車.json,twtsl:rescan-2026-09,
付錢,17,,ok,,1.0,0.00449,276,twtsl2_付錢.json,twtsl:rescan-2026-09,
完成,17,,ok,,0.6129,0.0094,93,twtsl2_完成.json,twtsl:rescan-2026-09,
期間,17,,ok,,0.7943,0.0095,175,twtsl2_期間.json,twtsl:rescan-2026-09,
森林,17,,ok,,0.7899,0.01273,257,twtsl2_森林.json,twtsl:rescan-2026-09,
煮飯,17,,ok,,0.9297,0.00701,185,twtsl2_煮飯.json,twtsl:rescan-2026-09,
肉_B,16,,ok,,0.6351,0.0109,148,1950_皮.json,twtsl:1950,
炎熱,16,,ok,,0.9608,0.00534,51,moc_G1C29_L.json,moc:corpus-gapfill,
Line,16,,ok,,1.0,0.00674,35,moc_G1C3_L.json,moc:G1C3,
好像,16,,ok,,1.0,0.01207,32,moc_G1D1P2.json,moc:G1D1P2,
打羽球,16,,ok,,1.0,0.00932,82,moc_G1D13P1.json,moc:G1D13P1,
滿,16,,ok,,0.878,0.02287,41,moc_G1D5P1.json,moc:G1D5P1,
減少,16,,ok,,0.9778,0.02193,45,moc_G2D11P3.json,moc:G2D11P3,
藥,16,,ok,,1.0,0.01856,16,moc_G2D6P3.json,moc:G2D6P3,
總統,16,,ok,,0.9516,0.01546,62,moc_G2D3P1.json,moc:G2D3P1,
不清楚,16,,ok,,1.0,0.00752,55,moc_G2D3P1.json,moc:G2D3P1,
顧慮,16,,ok,,1.0,0.00351,45,moc_G2D3P1.json,moc:G2D3P1,
特殊教育,16,,ok,,0.871,0.01188,31,moc_G3C21_L.json,moc:G3C21,
關心,16,,ok,,1.0,0.00687,63,moc_G3D3P5.json,moc:G3D3P5,
相信,16,,ok,,0.9623,0.01315,53,moc_G3D3P5.json,moc:G3D3P5,
飲料,16,,ok,,0.9851,0.01292,67,moc_G3D1P1.json,moc:G3D1P1,
圖書館,16,,ok,,0.7887,0.01567,71,moc_G3D2P3.json,moc:G3D2P3,
福利,16,,ok,,1.0,0.0213,21,moc_G4D2P1.json,moc:G4D2P1,
早餐,16,,ok,,0.7424,0.01919,66,moc_G4D6P1.json,moc:G4D6P1,
見面,16,,ok,,1.0,0.0106,44,moc_G4D4P1.json,moc:G4D4P1,
聽障奧運,16,,ok,,0.8901,0.00705,91,moc_I2P1_L.json,moc:I2P1,
高立德大學,16,,ok,,0.871,0.00922,31,moc_I5P1_L.json,moc:I5P1,
上網,16,,ok,,0.9412,0.01427,85,twtsl2_上網.json,twtsl:rescan-2026-09,
女兒,16,,ok,,0.8462,0.00647,252,desk0912_女兒.json,signtube:手語天地-2026-09,
得到,16,,ok,,0.7742,0.00775,93,twtsl2_得到.json,twtsl:rescan-2026-09,
差不多,16,,ok,,0.6493,0.01032,268,twtsl2_差不多.json,twtsl:rescan-2026-09,
游泳_A,15,,ok,,0.6092,0.03412,87,2129_游泳_A.json,twtsl:2129,
生氣,15,,ok,,0.8621,0.01975,58,moc_G1D15P2.json,moc:G1D15P2,
排隊,15,,ok,,0.9,0.00705,100,moc_G1D1P1.json,moc:G1D1P1,
送,15,,ok,,0.6968,0.01376,155,moc_G1D12P3.json,moc:G1D12P3,
右肩,15,,ok,,0.8718,0.01347,39,moc_G1D13P1.json,moc:G1D13P1,
一年,15,,ok,,1.0,0.01063,50,moc_G1D9P2.json,moc:G1D9P2,
畫,15,,ok,,1.0,0.00866,44,moc_G1D3P3.json,moc:G1D3P3,
介紹,15,,ok,,1.0,0.00705,58,moc_G1D6P2.json,moc:G1D6P2,
治療,15,,ok,,1.0,0.0069,31,moc_G2D1P1.json,moc:G2D1P1,
漸減,15,,ok,,1.0,0.00656,79,moc_G2D1P2.json,moc:G2D1P2,
不小心,15,,ok,,0.8824,0.02529,34,moc_G2D2P1.json,moc:G2D2P1,
只好,15,,ok,,0.9565,0.04468,23,moc_G2D3P2.json,moc:G2D3P2,
冷,15,,ok,,0.9167,0.02755,12,moc_G2D4P1.json,moc:G2D4P1,
床,15,,ok,,0.8,0.01935,25,moc_G3D11.json,moc:G3D11,
結婚,15,,ok,,0.7895,0.03637,19,moc_G3D12P2.json,moc:G3D12P2,
心情,15,,ok,,1.0,0.01437,85,moc_G3D15P2.json,moc:G3D15P2,
藝術,15,,ok,,1.0,0.00798,49,moc_G3D16P2.json,moc:G3D16P2,
衛生紙,15,,ok,,1.0,0.00628,76,moc_G3D1P2.json,moc:G3D1P2,
醬油,15,,ok,,0.984,0.011,125,moc_G3D1P2.json,moc:G3D1P2,
牛奶,15,,ok,,0.8125,0.01847,96,moc_G3D1P2.json,moc:G3D1P2,
下課,15,,ok,,0.7667,0.0143,30,moc_G3D2P2.json,moc:G3D2P2,
一整天,15,,ok,,0.8431,0.0175,51,moc_G3D2P3.json,moc:G3D2P3,
散步,15,,ok,,0.9057,0.01866,106,moc_G3D7P1.json,moc:G3D7P1,
增加,15,,ok,,0.7692,0.0192,65,moc_G3D8P2.json,moc:G3D8P2,
喝酒,15,,ok,,1.0,0.00627,17,moc_G4D10P5.json,moc:G4D10P5,
後,15,,ok,,1.0,0.02701,32,moc_G4D12P3.json,moc:G4D12P3,
規定,15,,ok,,1.0,0.00922,47,moc_G4D14P3.json,moc:G4D14P3,
海,15,,ok,,0.9574,0.02066,47,moc_G4D1P1.json,moc:G4D1P1,
每次,15,,ok,,0.8919,0.02205,37,moc_G4D8P1.json,moc:G4D8P1,
認真,15,,ok,,0.8767,0.01732,73,moc_G4D3P1.json,moc:G4D3P1,
豐富,15,,ok,,0.9551,0.01031,89,moc_G4D3P2.json,moc:G4D3P2,
便宜,15,,ok,,0.9459,0.02118,37,moc_G4D5P1.json,moc:G4D5P1,
動作,15,,ok,,0.7719,0.01744,114,twtsl2_動作.json,twtsl:rescan-2026-09,
好幾次,15,,ok,,0.8387,0.01736,62,twtsl2_好幾次.json,twtsl:rescan-2026-09,
病,15,,ok,,0.8595,0.01816,121,twtsl2_病.json,twtsl:rescan-2026-09,
紅,15,,ok,,0.9106,0.01387,179,twtsl2_紅.json,twtsl:rescan-2026-09,
號碼,15,,ok,,0.8725,0.01881,102,twtsl2_號碼.json,twtsl:rescan-2026-09,
買賣,15,,ok,,0.9498,0.0054,279,twtsl2_買賣.json,twtsl:rescan-2026-09,
高興,15,,ok,,0.8418,0.02739,158,twtsl2_高興.json,twtsl:rescan-2026-09,
飛機,15,,ok,,0.9809,0.00963,366,twtsl2_飛機.json,twtsl:rescan-2026-09,
國,14,,ok,,0.9565,0.01052,23,moc_G1D12P1.json,moc:G1D12P1,
文書,14,,ok,,0.8154,0.00727,65,moc_G1D6P1.json,moc:G1D6P1,
另外,14,,ok,,0.8214,0.01755,28,moc_G2D2P1.json,moc:G2D2P1,
恢復,14,,ok,,0.9167,0.02608,24,moc_G2D2P3.json,moc:G2D2P3,
問答,14,,ok,,1.0,0.00954,44,moc_G2D3P1.json,moc:G2D3P1,
雕像,14,,ok,,0.9907,0.01003,107,moc_G3D16P1.json,moc:G3D16P1,
研究,14,,ok,,0.94,0.00871,50,moc_G3D4P2.json,moc:G3D4P2,
以為,14,,ok,,1.0,0.00875,30,moc_G3D2P1.json,moc:G3D2P1,
班,14,,ok,,1.0,0.01163,38,moc_G3D2P2.json,moc:G3D2P2,
強,14,,ok,,1.0,0.01577,46,moc_G3D2P2.json,moc:G3D2P2,
騎腳踏車,14,,ok,,1.0,0.01197,69,moc_G3D3P1.json,moc:G3D3P1,
需要,14,,ok,,0.9286,0.01764,56,moc_G3D9P2.json,moc:G3D9P2,
一大疊,14,,ok,,0.7333,0.04088,30,moc_G4D11P3.json,moc:G4D11P3,
早,14,,ok,,1.0,0.01352,30,moc_G4C21_R.json,moc:G4C21,
就業服務員,14,,ok,,0.8235,0.02887,85,moc_G4D12P3.json,moc:G4D12P3,
導覽,14,,ok,,1.0,0.00703,56,moc_G4C6_L.json,moc:G4C6,
蛋,14,,ok,,1.0,0.00802,37,moc_G4D1P2.json,moc:G4D1P2,
信,14,,ok,,0.8421,0.0201,19,moc_G4D9P1.json,moc:G4D9P1,
紙,14,,ok,,0.9254,0.01681,67,moc_G4D6P3.json,moc:G4D6P3,
洗,14,,ok,,0.88,0.02144,25,moc_G4D6P4.json,moc:G4D6P4,
班級,14,,ok,,0.8889,0.01479,36,moc_G4D7P1.json,moc:G4D7P1,
唸書,14,,ok,,0.913,0.0071,46,moc_G4D7P2.json,moc:G4D7P2,
對於,14,,ok,,0.6757,0.02438,74,twtsl2_對於.json,twtsl:rescan-2026-09,
找到,14,,ok,,0.8674,0.00972,279,twtsl2_找到.json,twtsl:rescan-2026-09,
試試看,14,,ok,,0.6667,0.03085,54,twtsl2_試試看.json,twtsl:rescan-2026-09,
誤會,14,,ok,,0.8614,0.02255,101,twtsl2_誤會.json,twtsl:rescan-2026-09,
睡,13,,ok,,1.0,0.00219,43,moc_G1C26_R.json,moc:corpus-gapfill,
尷尬,13,,ok,,1.0,0.00629,84,moc_G1D16P2.json,moc:G1D16P2,
看起來,13,,ok,,0.9841,0.00739,63,moc_G1D13P1.json,moc:G1D13P1,
拍照,13,,ok,,0.7692,0.02039,26,moc_G1D3P3.json,moc:G1D3P3,
接著,13,,ok,,0.9286,0.02237,42,moc_G1D4P2.json,moc:G1D4P2,
代表,13,,ok,,0.9242,0.02009,66,moc_G1D4P2.json,moc:G1D4P2,
遠,13,,ok,,1.0,0.00655,68,moc_G1D7P2.json,moc:G1D7P2,
APP,13,,ok,,0.925,0.02067,40,moc_G2D11P2.json,moc:G2D11P2,
車禍,13,,ok,,1.0,0.01017,58,moc_G2D1P1.json,moc:G2D1P1,
聽力,13,,ok,,1.0,0.00612,87,moc_G2D1P1.json,moc:G2D1P1,
比如,13,,ok,,0.9885,0.01075,87,moc_G2D7P2.json,moc:G2D7P2,
輕,13,,ok,,1.0,0.01526,31,moc_G2D2P3.json,moc:G2D2P3,
翻譯員,13,,ok,,0.9444,0.02317,36,moc_G2D3P2.json,moc:G2D3P2,
掛號,13,,ok,,0.8837,0.02101,43,moc_G2D5P1.json,moc:G2D5P1,
汽車,13,,ok,,1.0,0.02201,38,moc_G3D3P2.json,moc:G3D3P2,
放入,13,,ok,,0.7571,0.01484,70,moc_G3D4P3.json,moc:G3D4P3,
讓,13,,ok,,0.9394,0.01719,33,moc_G3D6P2.json,moc:G3D6P2,
任何事物,13,,ok,,1.0,0.01318,33,moc_G3D2P2.json,moc:G3D2P2,
安靜,13,,ok,,0.7385,0.01441,65,moc_G3D2P3.json,moc:G3D2P3,
表演,13,,ok,,1.0,0.02368,15,moc_G4D11P1.json,moc:G4D11P1,
大開眼界,13,,ok,,0.75,0.03675,24,moc_G4D11P2.json,moc:G4D11P2,
房間,13,,ok,,0.6078,0.0278,51,moc_G4D11P2.json,moc:G4D11P2,
三十,13,,ok,,0.8571,0.02784,14,moc_G4D11P3.json,moc:G4D11P3,
高三,13,,ok,,1.0,0.02463,31,moc_G4D12P1.json,moc:G4D12P1,
親戚,13,,ok,,1.0,0.00959,32,moc_G4D1P3.json,moc:G4D1P3,
容易,13,,ok,,1.0,0.01905,59,moc_G4D7P5.json,moc:G4D7P5,
交流,13,,ok,,0.8367,0.0104,49,moc_G4D8P1.json,moc:G4D8P1,
口語,13,,ok,,0.9286,0.01146,28,moc_G4D8P3.json,moc:G4D8P3,
面對面,13,,ok,,1.0,0.01215,35,moc_G4D8P3.json,moc:G4D8P3,
第四,13,,ok,,0.9778,0.01325,45,moc_G4D6P2.json,moc:G4D6P2,
笑,13,,ok,,1.0,0.01132,26,moc_G4D3P2.json,moc:G4D3P2,
只有,13,,ok,,1.0,0.02527,17,moc_G4D4P2.json,moc:G4D4P2,
髒,13,,ok,,1.0,0.00432,34,moc_G4D5P1.json,moc:G4D5P1,
放,13,,ok,,0.9605,0.01902,76,moc_G4D5P1.json,moc:G4D5P1,
一竅不通,13,,ok,,0.75,0.01019,28,moc_G4D9P2.json,moc:G4D9P2,
聾人文化,13,,ok,,0.8689,0.01075,61,moc_I5P2_L.json,moc:I5P2,
行政,13,,ok,,0.8287,0.01873,251,signtube_行政.json,signtube:手語天地-2026-09,
今年,13,,ok,,0.8165,0.01869,109,twtsl2_今年.json,twtsl:rescan-2026-09,
埃及,13,,ok,,0.9539,0.01069,282,twtsl2_埃及.json,twtsl:rescan-2026-09,
油,13,,ok,,0.85,0.01719,120,twtsl2_油.json,twtsl:rescan-2026-09,
洗衣機,13,,ok,,1.0,0.00196,101,twtsl2_洗衣機.json,twtsl:rescan-2026-09,
車子,13,,ok,,0.8319,0.01132,113,twtsl2_車子.json,twtsl:rescan-2026-09,
關係,13,,ok,,0.9926,0.00962,135,twtsl2_關係.json,twtsl:rescan-2026-09,
果,12,,ok,,0.907,0.00705,43,moc_G1C32_L.json,moc:G1C32,
一律,12,,ok,,0.8723,0.01866,47,moc_G1D16P2.json,moc:G1D16P2,
花,12,,ok,,1.0,0.01532,39,moc_G1D1P2.json,moc:G1D1P2,
這裡,12,,ok,,0.9608,0.01319,51,moc_G1D1P2.json,moc:G1D1P2,
男人,12,,ok,,1.0,0.00667,27,moc_G1D15P1.json,moc:G1D15P1,
記錄,12,,ok,,0.7917,0.03991,48,moc_G1D2.json,moc:G1D2,
回來,12,,ok,,0.8095,0.03957,21,moc_G1D3P1.json,moc:G1D3P1,
借,12,,ok,,0.9286,0.02674,14,moc_G1D3P1.json,moc:G1D3P1,
參觀,12,,ok,,1.0,0.00855,16,moc_G1D3P3.json,moc:G1D3P3,
越來越少,12,,ok,,0.8913,0.0148,46,moc_G1D4P2.json,moc:G1D4P2,
手,12,,ok,,0.8387,0.01792,31,moc_G1D8P2.json,moc:G1D8P2,
個人,12,,ok,,1.0,0.014,23,moc_G2C21_R.json,moc:corpus-gapfill,
告訴我,12,,ok,,1.0,0.01429,30,moc_G2D11P1.json,moc:G2D11P1,
支持,12,,ok,,0.7895,0.0345,19,moc_G2D5P2.json,moc:G2D5P2,
大約,12,,ok,,1.0,0.02564,26,moc_G2D6P1.json,moc:G2D6P1,
講述,12,,ok,,0.8833,0.01085,60,moc_G2D7P2.json,moc:G2D7P2,
幾點,12,S21,ok,,0.7742,0.00581,93,moc_G2D13P2.json,moc:G2D13P2,
斷掉,12,,ok,,1.0,0.0136,19,moc_G2D2P3.json,moc:G2D2P3,
辯論,12,,ok,,1.0,0.00678,109,moc_G2D3P1.json,moc:G2D3P1,
能力,12,,ok,,1.0,0.00625,61,moc_G2D3P1.json,moc:G2D3P1,
聽障,12,,ok,,0.8571,0.03724,14,moc_G2D3P2.json,moc:G2D3P2,
一半,12,,ok,,1.0,0.00821,29,moc_G2D3P2.json,moc:G2D3P2,
平板,12,,ok,,0.6136,0.03435,44,moc_G2D9P1.json,moc:G2D9P1,
打架,12,,ok,,1.0,0.0314,19,moc_G2D9P1.json,moc:G2D9P1,
二十四小時,12,,ok,,1.0,0.00861,32,moc_G3C26_L.json,moc:G3C26,
外公,12,,ok,,0.6286,0.04765,35,moc_G3D12P1.json,moc:G3D12P1,
計劃,12,,ok,,0.8421,0.01203,38,moc_G3D10P1.json,moc:G3D10P1,
收藏,12,,ok,,0.8953,0.01352,86,moc_G3D16P2.json,moc:G3D16P2,
搭車,12,,ok,,0.8254,0.01136,63,moc_G3D3P3.json,moc:G3D3P3,
跑馬燈,12,,ok,,1.0,0.01233,53,moc_G3D3P3.json,moc:G3D3P3,
重視,12,,ok,,1.0,0.01294,47,moc_G3D3P5.json,moc:G3D3P5,
平安,12,,ok,,0.9179,0.00809,134,moc_G3D3P5.json,moc:G3D3P5,
除外,12,,ok,,0.9459,0.01908,74,moc_G3D4P4.json,moc:G3D4P4,
民眾,12,,ok,,0.9608,0.01162,51,moc_G3D1P1.json,moc:G3D1P1,
興趣,12,,ok,,0.8571,0.01347,35,moc_G3D2P1.json,moc:G3D2P1,
按時,12,,ok,,0.866,0.0118,97,moc_G3D2P3.json,moc:G3D2P3,
交通,12,,ok,,1.0,0.01009,55,moc_G3D3P1.json,moc:G3D3P1,
一星期,12,,ok,,0.6618,0.02021,68,moc_G3D9P2.json,moc:G3D9P2,
抓,12,,ok,,0.8571,0.03536,35,moc_G4D11P2.json,moc:G4D11P2,
清潔,12,,ok,,0.9091,0.04052,22,moc_G4D2P1.json,moc:G4D2P1,
對話,12,,ok,,1.0,0.00692,45,moc_G4D8P3.json,moc:G4D8P3,
機車,12,,ok,,1.0,0.00891,47,moc_G4D6P1.json,moc:G4D6P1,
洗澡,12,,ok,,0.8333,0.04805,18,moc_G4D6P4.json,moc:G4D6P4,
想到,12,,ok,,0.9756,0.01332,41,moc_G4D3P1.json,moc:G4D3P1,
詞彙,12,,ok,,1.0,0.0063,50,moc_I5P1_L.json,moc:corpus-gapfill,
中華民國,12,,ok,,0.9833,0.00614,60,moc_I4P5_L.json,moc:I4P5,
躺著,12,,ok,,1.0,0.00662,24,moc_I3P2_L.json,moc:I3P2,
先生,12,,ok,,0.9493,0.01579,138,twtsl2_先生.json,twtsl:rescan-2026-09,
六個月,12,,ok,,0.8739,0.00708,119,twtsl2_六個月.json,twtsl:rescan-2026-09,
厲害,12,,ok,,0.7037,0.03766,81,twtsl2_厲害.json,twtsl:rescan-2026-09,
客人,12,,ok,,0.7658,0.01695,111,twtsl2_客人.json,twtsl:rescan-2026-09,
火車站,12,,ok,,0.6967,0.00565,366,twtsl2_火車站.json,twtsl:rescan-2026-09,
牙齒,12,,ok,,0.8969,0.0085,262,twtsl2_牙齒.json,twtsl:rescan-2026-09,
玩具,12,,ok,,0.703,0.00805,394,twtsl2_玩具.json,twtsl:rescan-2026-09,
聞,12,,ok,,0.8676,0.03524,68,twtsl2_聞.json,twtsl:rescan-2026-09,
蘋果,12,,ok,,0.7228,0.01125,267,twtsl2_蘋果.json,twtsl:rescan-2026-09,
轉,12,,ok,,1.0,0.01569,116,twtsl2_轉.json,twtsl:rescan-2026-09,
騙,12,,ok,,0.9833,0.01217,120,twtsl2_騙.json,twtsl:rescan-2026-09,
香,12,,ok,,0.9924,0.00693,264,twtsl2_香.json,twtsl:rescan-2026-09,
猜,11,,ok,,1.0,0.00698,22,moc_G1D16P3.json,moc:G1D16P3,
陽光運動公園,11,,ok,,0.9586,0.01479,145,moc_G1D1P1.json,moc:G1D1P1,
持續,11,,ok,,0.8542,0.01579,48,moc_G1D14P3.json,moc:G1D14P3,
六點,11,,ok,,0.7215,0.03099,79,moc_G1D10P1.json,moc:G1D10P1,
百貨公司,11,,ok,,0.9091,0.00992,66,moc_G1D12P1.json,moc:G1D12P1,
三年,11,,ok,,0.9615,0.0197,26,moc_G2C11_R.json,moc:corpus-gapfill,
有一次,11,,ok,,0.8077,0.02703,26,moc_G1D3P1.json,moc:G1D3P1,
選擇,11,,ok,,1.0,0.01891,21,moc_G1D3P1.json,moc:G1D3P1,
傳真,11,,ok,,0.7609,0.00687,46,moc_G1D4P1.json,moc:G1D4P1,
聯繫,11,,ok,,0.8776,0.01562,49,moc_G1D4P2.json,moc:G1D4P2,
它,11,,ok,,1.0,0.01161,33,moc_G1D4P2.json,moc:G1D4P2,
輕鬆,11,,ok,,0.9565,0.00555,92,moc_G1D8P2.json,moc:G1D8P2,
報紙,11,,ok,,0.619,0.03237,21,moc_G2D10P2.json,moc:G2D10P2,
醒,11,,ok,,0.875,0.03367,40,moc_G2D11P1.json,moc:G2D11P1,
固定,11,,ok,,1.0,0.01446,17,moc_G2D11P2.json,moc:G2D11P2,
回,11,,ok,,1.0,0.00802,24,moc_G2D1P1.json,moc:G2D1P1,
爬,11,,ok,,0.6735,0.02426,49,moc_G2D6P1.json,moc:G2D6P1,
直,11,,ok,,1.0,0.01558,19,moc_G2D6P2.json,moc:G2D6P2,
聽打,11,,ok,,1.0,0.01015,51,moc_G2D7P2.json,moc:G2D7P2,
服藥,11,,ok,,0.7714,0.04491,35,moc_G2D2P3.json,moc:G2D2P3,
推,11,,ok,,0.697,0.01226,33,moc_G2D5P1.json,moc:G2D5P1,
答應,11,,ok,,0.6531,0.02545,49,moc_G2D9P2.json,moc:G2D9P2,
瑞典,11,,ok,,1.0,0.00542,61,moc_G2C45_L.json,moc:corpus-gapfill,
暑假,11,,ok,,0.6491,0.03235,57,moc_G3D12P1.json,moc:G3D12P1,
外國,11,,ok,,0.8235,0.00815,51,moc_G3D16P2.json,moc:G3D16P2,
雙胞胎,11,,ok,,0.9483,0.00938,58,moc_G3D2P1.json,moc:G3D2P1,
個性,11,,ok,,1.0,0.00912,42,moc_G3D2P1.json,moc:G3D2P1,
工廠,11,,ok,,0.7143,0.0184,35,moc_G3D9P1.json,moc:G3D9P1,
冬天,11,,ok,,1.0,0.00729,30,moc_G4D1P1.json,moc:G4D1P1,
倒,11,,ok,,1.0,0.02379,24,moc_G4D1P2.json,moc:G4D1P2,
觀摩,11,,ok,,0.9737,0.00836,38,moc_G4D8P2.json,moc:G4D8P2,
未來,11,,ok,,0.881,0.02264,42,moc_G4D8P3.json,moc:G4D8P3,
珍惜,11,,ok,,0.913,0.03433,46,moc_G4D5P2.json,moc:G4D5P2,
廁所,11,S15,ok,,1.0,0.00668,48,moc_G4D6P2.json,moc:G4D6P2,
規律,11,,ok,,0.7073,0.02687,41,moc_G4D6P4.json,moc:G4D6P4,
桌子,11,,ok,,0.7473,0.02669,91,moc_G4D2P2.json,moc:G4D2P2,
起初,11,,ok,,0.9355,0.01497,31,moc_G4D3P1.json,moc:G4D3P1,
街頭藝人,11,,ok,,0.9123,0.01013,57,moc_I1P3_L.json,moc:I1P3,
杯子,11,,ok,,1.0,0.00734,43,moc_I2P2_L.json,moc:corpus-gapfill,
深刻,11,,ok,,0.8378,0.01264,37,moc_I3P2_L.json,moc:I3P2,
主,11,,ok,,1.0,0.00642,274,twtsl2_主.json,twtsl:rescan-2026-09,
兄弟,11,,ok,,0.9965,0.00884,282,twtsl2_兄弟.json,twtsl:rescan-2026-09,
國家,11,,ok,,0.971,0.00909,241,twtsl2_國家.json,twtsl:rescan-2026-09,
字典,11,,ok,,1.0,0.00398,310,twtsl2_字典.json,twtsl:rescan-2026-09,
幸福,11,,ok,,0.9,0.01394,130,twtsl2_幸福.json,twtsl:rescan-2026-09,
拖地,11,,ok,,0.7724,0.0053,312,twtsl2_拖地.json,twtsl:rescan-2026-09,
歐洲,11,,ok,,0.8077,0.03135,52,twtsl2_歐洲.json,twtsl:rescan-2026-09,
繪畫,11,,ok,,0.9623,0.00976,265,twtsl2_繪畫.json,twtsl:rescan-2026-09,
碩士,11,,ok,,0.88,0.01617,200,twtsl2_碩士.json,twtsl:rescan-2026-09,
風,11,,ok,,0.8309,0.01545,207,twtsl2_風.json,twtsl:rescan-2026-09,
在家,10,,ok,,1.0,0.00588,67,moc_G1C10_R.json,moc:G1C10,
午睡,10,,ok,,1.0,0.00252,70,moc_G1C26_L.json,moc:G1C26,
VRS,10,,ok,,1.0,0.00498,93,moc_G1D14P2.json,moc:G1D14P2,
妻子,10,,ok,,0.76,0.03104,25,moc_G1D15P1.json,moc:G1D15P1,
穿上,10,,ok,,0.8689,0.01971,61,moc_G1D11P1.json,moc:G1D11P1,
違法,10,,ok,,0.7097,0.02456,31,moc_G1D11P2.json,moc:G1D11P2,
漢堡,10,,ok,,0.8,0.03833,30,moc_G1D2.json,moc:G1D2,
瀏覽,10,,ok,,1.0,0.01234,15,moc_G1D3P1.json,moc:G1D3P1,
不可以,10,S13,ok,,0.9375,0.0194,64,moc_G1D4P2.json,moc:G1D4P2,
愛,10,,ok,,1.0,0.0089,28,moc_G1D4P2.json,moc:G1D4P2,
日期,10,,ok,,1.0,0.00885,51,moc_G1D4P3.json,moc:G1D4P3,
到處,10,,ok,,0.9744,0.00949,39,moc_G1C6_L.json,moc:corpus-gapfill,
石頭,10,,ok,,0.9545,0.01981,22,moc_G2D11P2.json,moc:G2D11P2,
搭船,10,,ok,,0.9275,0.01476,69,moc_G2D16P1.json,moc:G2D16P1,
碰面,10,,ok,,0.96,0.00685,50,moc_G2D1P2.json,moc:G2D1P2,
前幾天,10,,ok,,0.96,0.01311,50,moc_G2D6P1.json,moc:G2D6P1,
不夠,10,,ok,,0.8953,0.01469,86,moc_G2D7P4.json,moc:G2D7P4,
宣傳,10,,ok,,0.9559,0.00908,68,moc_G2D7P4.json,moc:G2D7P4,
預防,10,,ok,,1.0,0.00921,28,moc_G2D13P2.json,moc:G2D13P2,
政見,10,,ok,,1.0,0.01115,47,moc_G2D3P1.json,moc:G2D3P1,
聰明,10,,ok,,1.0,0.00999,47,moc_G2D3P1.json,moc:G2D3P1,
退步,10,,ok,,1.0,0.01429,38,moc_G2D3P1.json,moc:G2D3P1,
高,10,,ok,,0.8889,0.04489,9,moc_G2D4P1.json,moc:G2D4P1,
一下子,10,,ok,,0.9167,0.03052,24,moc_G2D4P1.json,moc:G2D4P1,
爭奪,10,,ok,,0.9394,0.03626,33,moc_G2D9P1.json,moc:G2D9P1,
本土語言,10,,ok,,0.9688,0.00743,96,moc_G3C10_L.json,moc:G3C10,
一小時,10,,ok,,0.9412,0.03225,17,moc_G3D12P1.json,moc:G3D12P1,
環島,10,,ok,,1.0,0.00837,46,moc_G3D10P1.json,moc:G3D10P1,
目標,10,,ok,,1.0,0.00923,45,moc_G3D10P1.json,moc:G3D10P1,
建築物,10,,ok,,0.9394,0.01145,66,moc_G3D16P1.json,moc:G3D16P1,
每一個,10,,ok,,0.7458,0.00996,59,moc_G3D16P2.json,moc:G3D16P2,
安裝,10,,ok,,1.0,0.01668,32,moc_G3D3P3.json,moc:G3D3P3,
購物,10,,ok,,0.9819,0.01487,166,moc_G3D1P2.json,moc:G3D1P2,
請求,10,,ok,,0.7778,0.0104,45,moc_G3D2P1.json,moc:G3D2P1,
罵,10,,ok,,1.0,0.01007,34,moc_G3D2P2.json,moc:G3D2P2,
作業,10,,ok,,0.9667,0.0117,60,moc_G3D2P3.json,moc:G3D2P3,
旁邊,10,,ok,,0.9605,0.0144,76,moc_G3D3P1.json,moc:G3D3P1,
渴望,10,,ok,,1.0,0.00712,57,moc_G3D7P1.json,moc:G3D7P1,
了解,10,,ok,,0.9394,0.01687,99,moc_G3D8P4.json,moc:G3D8P4,
顯眼,10,,ok,,0.9406,0.01114,101,moc_G3D8P5.json,moc:G3D8P5,
接電話,10,,ok,,0.9867,0.00456,75,moc_G3C38_R.json,moc:G3C38,
品,10,,ok,,0.8947,0.01358,19,moc_G3D9P2.json,moc:G3D9P2,
穩定,10,,ok,,0.9706,0.01048,68,moc_G3D9P3.json,moc:G3D9P3,
人來,10,,ok,,1.0,0.00406,63,moc_G4C25_L.json,moc:G4C25,
漫畫,10,,ok,,0.7222,0.02136,36,moc_G4D11P2.json,moc:G4D11P2,
數學,10,,ok,,1.0,0.02008,22,moc_G4D12P1.json,moc:G4D12P1,
輪流,10,,ok,,0.8519,0.03039,27,moc_G4D12P2.json,moc:G4D12P2,
會員,10,,ok,,1.0,0.00436,36,moc_G4D13P2.json,moc:G4D13P2,
地址,10,,ok,,0.9574,0.01249,47,moc_G4D13P3.json,moc:G4D13P3,
宴席,10,,ok,,1.0,0.00596,81,moc_G4C41_R.json,moc:G4C41,
鹽,10,,ok,,0.8125,0.03648,16,moc_G4D5P2.json,moc:G4D5P2,
八點,10,,ok,,1.0,0.01045,37,moc_G4D6P2.json,moc:G4D6P2,
打掃,10,,ok,,1.0,0.01049,26,moc_G4D6P2.json,moc:G4D6P2,
宣布,10,,ok,,1.0,0.01904,31,moc_G4D3P2.json,moc:G4D3P2,
有趣,10,,ok,,1.0,0.00839,54,moc_G4D3P3.json,moc:G4D3P3,
念書,10,,ok,,0.9245,0.00963,53,moc_G4D4P1.json,moc:G4D4P1,
不適合,10,,ok,,0.6875,0.01888,64,moc_I3P1_L.json,moc:I3P1,
國際手語,10,,ok,,0.6753,0.01212,77,moc_I4P6_L.json,moc:I4P6,
美術系,10,,ok,,1.0,0.00324,48,moc_I4P2_L.json,moc:I4P2,
交付,10,,ok,,0.9924,0.00665,263,twtsl2_交付.json,twtsl:rescan-2026-09,
修改,10,,ok,,0.8155,0.01456,103,twtsl2_修改.json,twtsl:rescan-2026-09,
健身,10,,ok,,0.9225,0.03877,142,twtsl2_健身.json,twtsl:rescan-2026-09,
打敗,10,,ok,,0.7358,0.01297,106,twtsl2_打敗.json,twtsl:rescan-2026-09,
收集,10,,ok,,0.7742,0.03094,93,twtsl2_收集.json,twtsl:rescan-2026-09,
李,10,,ok,,0.8643,0.0126,140,twtsl2_李.json,twtsl:rescan-2026-09,
米,10,,ok,,0.8739,0.01303,119,twtsl2_米.json,twtsl:rescan-2026-09,
立刻,10,,ok,,0.6311,0.00605,244,twtsl2_立刻.json,twtsl:rescan-2026-09,
競爭,10,,ok,,1.0,0.00573,297,twtsl2_競爭.json,twtsl:rescan-2026-09,
自行車,10,,ok,,0.8413,0.02335,63,twtsl2_自行車.json,twtsl:rescan-2026-09,
臭,10,,ok,,0.8459,0.0117,266,twtsl2_臭.json,twtsl:rescan-2026-09,
變化,10,,ok,,0.8028,0.00338,426,twtsl2_變化.json,twtsl:rescan-2026-09,
逛街,10,,ok,,0.7321,0.00847,586,twtsl2_逛街.json,twtsl:rescan-2026-09,
黑,10,,ok,,0.8341,0.01585,223,twtsl2_黑.json,twtsl:rescan-2026-09,
一點,8,S08,ok,,0.9582,0.00545,239,twtsl2_一點.json,twtsl:rescan-2026-09,
對不起,7,S05,ok,,1.0,0.0079,36,moc_I4P8_R.json,moc:corpus-gapfill,
早安,4,S02,ok,,0.6556,0.02368,90,moc_G1D10P1.json,moc:G1D10P1,
看醫生,2,S20,ok,,0.8033,0.01773,61,gs0911_看醫生.json,unknown-d:綠幕-2026-09-11,
晚安,1,S03,ok,,0.7853,0.01662,177,slw_晚安.json,slwords:6847bcf06524f5d7f32d8f81,
再見,1,S06,ok,,0.9775,0.00882,222,twtsl2_再見.json,twtsl:rescan-2026-09,
餓,1,S16,ok,,1.0,0.00978,63,gs0911_餓.json,unknown-d:綠幕-2026-09-11,
星期幾,1,S22,ok,,0.9697,0.01392,66,gs0911_星期幾.json,unknown-d:綠幕-2026-09-11,
