詞,usage,tier,act,現用片,來源,問題,建議,核心句
情形,49,poor,0.83,moc_G4D2P1.json,moc:G4D2P1,poor 動作抖動,需換源／重錄,
淡水,45,ok,0.99,twtsl2_淡水.json,twtsl:rescan-2026-09,文法手語（偵測率沒問題，但不是自然手語）,需換源（自然手語片）,
馬祖,40,poor,0.33,desk0914_馬祖.json,desk0914:混合來源-2026-09-14,severe 整段抓不到手,需換源／重錄,
新聞,30,poor,0.34,moe_04_0630.json,moe:vocabulary/04/0630,poor 偵測率低,需換源／重錄,
表情,30,ok,0.98,twtsl2_表情.json,twtsl:rescan-2026-09,文法手語（偵測率沒問題，但不是自然手語）,需換源（自然手語片）,
下雨,27,poor,0.43,1733_下雨.json,twtsl:1733,poor 偵測率低,需換源／重錄,
臉,26,poor,0.43,moc_G3D12P3.json,moc:G3D12P3,poor 偵測率低,需換源／重錄,
照顧,24,poor,0.41,2153_照顧_B.json,moc:G4D2P1,poor 偵測率低,需換源／重錄,
兩個,24,poor,0.36,moc_G3D4P2.json,moc:G3D4P2,poor 偵測率低,需換源／重錄,
聲音,23,poor,0.36,moc_G2D1P2.json,moc:G2D1P2,poor 偵測率低,需換源／重錄,
國畫,23,poor,0.4,moe_05_0193.json,moe:vocabulary/05/0193,poor 偵測率低,需換源／重錄,
計程車,22,ok,0.81,twtsl2_計程車.json,twtsl:rescan-2026-09,文法手語（偵測率沒問題，但不是自然手語）,需換源（自然手語片）,
採訪,21,ok,0.88,twtsl2_採訪.json,twtsl:rescan-2026-09,文法手語（偵測率沒問題，但不是自然手語）,需換源（自然手語片）,
男,20,poor,0.51,1269_先生.json,twtsl:1269,poor 偵測率低,需換源／重錄,
胖,20,poor,0.42,1484_肥_B.json,twtsl:1483,poor 偵測率低,需換源／重錄,
體育,20,ok,0.98,twtsl2_體育.json,twtsl:rescan-2026-09,文法手語（偵測率沒問題，但不是自然手語）,需換源（自然手語片）,
假,19,poor,0.41,moc_G4D11P2.json,moc:G4D11P2,poor 偵測率低,需換源／重錄,
照片,19,poor,0.36,moe_04_0862.json,moe:vocabulary/04/0862,poor 偵測率低,需換源／重錄,
在,18,poor,0.42,0110_在.json,twtsl:110,poor 偵測率低,需換源／重錄,
小,18,poor,0.37,1214_小.json,twtsl:1214,poor 偵測率低,需換源／重錄,
訓練,18,poor,0.51,2270_訓練_A.json,moe:vocabulary/05/2191,poor 偵測率低,可改指庫內變體 訓練_B（act 0.77）,
大概,18,ok,0.99,twtsl2_大概.json,twtsl:rescan-2026-09,文法手語（偵測率沒問題，但不是自然手語）,需換源（自然手語片）,
用,18,poor,0.42,twtsl2_用.json,twtsl:rescan-2026-09,poor 偵測率低,需換源／重錄,
美,17,poor,0.51,0175_美.json,twtsl:175,poor 偵測率低,需換源／重錄,
要不要,17,poor,0.35,3533_要不要_S.json,twtsl:3534,poor 偵測率低,需換源／重錄,
所以,17,severe,0.09,moe_04_0552.json,moe:vocabulary/04/0552,severe 整段抓不到手,需換源／重錄,
森林,17,ok,0.79,twtsl2_森林.json,twtsl:rescan-2026-09,文法手語（偵測率沒問題，但不是自然手語）,需換源（自然手語片）,
肉,16,poor,0.37,1306_肉_A.json,twtsl:1306,poor 偵測率低,可改指庫內變體 肉_B（act 0.64）,
奇怪,16,poor,0.56,2072_奇怪.json,twtsl:2072,poor 偵測率低,需換源／重錄,
炎熱,16,ok,0.96,moc_G1C29_L.json,moc:corpus-gapfill,文法手語（偵測率沒問題，但不是自然手語）,需換源（自然手語片）,
差不多,16,ok,0.65,twtsl2_差不多.json,twtsl:rescan-2026-09,文法手語（偵測率沒問題，但不是自然手語）,需換源（自然手語片）,
怕,15,poor,0.34,0039_危險.json,twtsl:40,poor 偵測率低,需換源／重錄,
舊,15,poor,0.55,1508_舊_B.json,moc:G1D8P3,poor 偵測率低,需換源／重錄,
游泳,15,poor,0.58,moe_06_0644.json,moe:vocabulary/06/0644,poor 偵測率低,需換源／重錄,
超過,15,poor,0.51,moc_G3D8P3.json,moc:G3D8P3,poor 偵測率低,需換源／重錄,
懶,15,poor,0.42,moc_G4D8P3.json,moc:G4D8P3,poor 偵測率低,需換源／重錄,
舉手,15,poor,0.73,twtsl2_舉手.json,twtsl:rescan-2026-09,poor 動作抖動,需換源／重錄,
買賣,15,ok,0.95,twtsl2_買賣.json,twtsl:rescan-2026-09,文法手語（偵測率沒問題，但不是自然手語）,需換源（自然手語片）,
頭暈,14,poor,0.37,0584_頭暈.json,twtsl:584,poor 偵測率低,需換源／重錄,
贏,14,poor,0.37,2460_勝利.json,twtsl:2460,poor 偵測率低,需換源／重錄,
足夠,13,poor,0.33,0687_足夠.json,twtsl:687,poor 偵測率低,需換源／重錄,
夫妻,13,poor,0.49,1047_夫婦.json,moe:vocabulary/02/0227,poor 偵測率低,需換源／重錄,
今年,13,ok,0.82,twtsl2_今年.json,twtsl:rescan-2026-09,文法手語（偵測率沒問題，但不是自然手語）,需換源（自然手語片）,
埃及,13,ok,0.95,twtsl2_埃及.json,twtsl:rescan-2026-09,文法手語（偵測率沒問題，但不是自然手語）,需換源（自然手語片）,
怎麼,13,poor,0.41,twtsl2_怎麼.json,twtsl:rescan-2026-09,poor 偵測率低,需換源／重錄,
洗衣機,13,ok,1.0,twtsl2_洗衣機.json,twtsl:rescan-2026-09,文法手語（偵測率沒問題，但不是自然手語）,需換源（自然手語片）,
關係,13,ok,0.99,twtsl2_關係.json,twtsl:rescan-2026-09,文法手語（偵測率沒問題，但不是自然手語）,需換源（自然手語片）,
大賣場,12,poor,0.47,2725_購物(量販)中心_A.json,twtsl:2725,poor 偵測率低,需換源／重錄,
會不會,12,poor,0.59,3531_會不會.json,twtsl:3531,poor 偵測率低,需換源／重錄,
三次,12,poor,0.47,moc_G2D2P3.json,moc:G2D2P3,poor 偵測率低,需換源／重錄,
先生,12,ok,0.95,twtsl2_先生.json,twtsl:rescan-2026-09,文法手語（偵測率沒問題，但不是自然手語）,需換源（自然手語片）,
牙齒,12,ok,0.9,twtsl2_牙齒.json,twtsl:rescan-2026-09,文法手語（偵測率沒問題，但不是自然手語）,需換源（自然手語片）,
蘋果,12,ok,0.72,twtsl2_蘋果.json,twtsl:rescan-2026-09,文法手語（偵測率沒問題，但不是自然手語）,需換源（自然手語片）,
感冒,11,poor,0.41,0330_感冒_B.json,moe:vocabulary/06/0467,poor 偵測率低,需換源／重錄,
有名,11,poor,0.56,0752_有名.json,twtsl:752,poor 偵測率低,需換源／重錄,
第一名,11,poor,0.4,0803_第一名.json,twtsl:803,poor 偵測率低,需換源／重錄,
驚訝,11,poor,0.36,2047_吃驚.json,moc:G3D10P5,poor 偵測率低,需換源／重錄,
手錶,11,poor,0.59,moc_G1D15P1.json,moc:G1D15P1,poor 偵測率低,需換源／重錄,
以上,11,poor,0.56,moc_G3D9P3.json,moc:corpus-gapfill,poor 偵測率低,需換源／重錄,
兩天,11,severe,0.25,moc_G4D13P4.json,moc:G4D13P4,severe 整段抓不到手,需換源／重錄,
再次,11,poor,0.57,moc_I1P2_L.json,moc:I1P2,poor 偵測率低,需換源／重錄,
兄弟,11,ok,1.0,twtsl2_兄弟.json,twtsl:rescan-2026-09,文法手語（偵測率沒問題，但不是自然手語）,需換源（自然手語片）,
國家,11,ok,0.97,twtsl2_國家.json,twtsl:rescan-2026-09,文法手語（偵測率沒問題，但不是自然手語）,需換源（自然手語片）,
字典,11,ok,1.0,twtsl2_字典.json,twtsl:rescan-2026-09,文法手語（偵測率沒問題，但不是自然手語）,需換源（自然手語片）,
歐洲,11,ok,0.81,twtsl2_歐洲.json,twtsl:rescan-2026-09,文法手語（偵測率沒問題，但不是自然手語）,需換源（自然手語片）,
繪畫,11,ok,0.96,twtsl2_繪畫.json,twtsl:rescan-2026-09,文法手語（偵測率沒問題，但不是自然手語）,需換源（自然手語片）,
解決,11,poor,0.37,twtsl2_解決.json,twtsl:rescan-2026-09,poor 偵測率低,需換源／重錄,
契約,10,poor,0.41,0483_契約_B.json,moe:vocabulary/05/0337,poor 偵測率低,需換源／重錄,
OK,10,severe,0.23,1507_OK.json,twtsl:1507,severe 整段抓不到手,需換源／重錄,
公車站,10,poor,0.48,2900_公車站_A.json,twtsl:2900,poor 偵測率低,需換源／重錄,
建設,10,severe,0.19,moe_05_0978.json,moe:vocabulary/05/0978,severe 整段抓不到手,需換源／重錄,
觀光,10,severe,0.23,moe_05_2139.json,moe:vocabulary/05/2139,severe 整段抓不到手,需換源／重錄,
畫臉譜,10,poor,0.57,moc_I3P2_L.json,moc:I3P2,poor 偵測率低,需換源／重錄,
交付,10,ok,0.99,twtsl2_交付.json,twtsl:rescan-2026-09,文法手語（偵測率沒問題，但不是自然手語）,需換源（自然手語片）,
修改,10,ok,0.82,twtsl2_修改.json,twtsl:rescan-2026-09,文法手語（偵測率沒問題，但不是自然手語）,需換源（自然手語片）,
老婆,10,poor,0.57,twtsl2_老婆.json,twtsl:rescan-2026-09,poor 偵測率低,需換源／重錄,
立刻,10,ok,0.63,twtsl2_立刻.json,twtsl:rescan-2026-09,文法手語（偵測率沒問題，但不是自然手語）,需換源（自然手語片）,
競爭,10,ok,1.0,twtsl2_競爭.json,twtsl:rescan-2026-09,文法手語（偵測率沒問題，但不是自然手語）,需換源（自然手語片）,
逛街,10,ok,0.73,twtsl2_逛街.json,twtsl:rescan-2026-09,文法手語（偵測率沒問題，但不是自然手語）,需換源（自然手語片）,
