鍵,檔名,決定,理由,現用片,現用act,現用指節抖動°,現用手掌px,現用播放秒,新片act,新片指節抖動°,新片手掌px,新片播放秒,新片寫入區段
一次,一次.mp4,換新片,平手，指節抖動 11.3°→2.8°,moc_G2D5P1.json,1.0,11.28,70.0,1.0,1.0,2.77,157.4,1.618,1.451-3.485
一點,一點.mp4,維持,平手，指節抖動 3.2°→4.7°,twtsl2_一點.json,0.9529,3.24,69.4,1.586,1.0,4.72,96.9,1.701,1.984-4.285
上班,上班.mp4,換新片,平手，指節抖動 3.9°→2.8°,gs0911_上班.json,1.0,3.89,65.2,2.133,1.0,2.82,153.4,2.402,1.651-4.452
不,不.mp4,換新片,平手，指節抖動 5.3°→2.6°,moc_G2D2P3.json,0.9688,5.33,96.0,1.2,1.0,2.58,206.4,1.801,1.484-3.669
不可以,不可以.mp4,換新片,act +0.06,moc_G1D4P2.json,0.9375,5.33,73.0,1.033,1.0,3.01,208.2,1.051,1.318-2.718
不懂,不懂.mp4,換新片,平手，指節抖動 3.2°→2.8°,moc_G4D2P1.json,0.9512,3.21,66.1,1.56,1.0,2.76,157.5,2.084,1.184-3.602
不知道,不知道.mp4,換新片,平手，指節抖動 12.3°→10.3°,gs0911_不知道.json,0.963,12.35,61.8,1.734,1.0,10.27,149.2,2.034,1.451-3.885
不要,不要.mp4,換新片,平手，指節抖動 5.2°→4.3°,desk0912_不要.json,1.0,5.15,225.4,0.796,1.0,4.3,195.7,1.367,1.184-2.934
人,人.mp4,換新片,平手，指節抖動 3.5°→0.9°,moc_G1D1P1.json,1.0,3.5,81.5,0.4,1.0,0.93,185.2,1.701,2.051-4.169
什麼,什麼.mp4,換新片,平手，指節抖動 3.1°→2.8°,gs0911_什麼.json,1.0,3.1,102.8,1.7,1.0,2.76,208.2,2.168,1.317-3.902
住,住.mp4,換新片,平手，指節抖動 4.5°→3.5°,moc_G4D1P1.json,1.0,4.5,73.3,0.484,0.9615,3.47,177.1,2.134,1.484-3.969
你,你.mp4,換新片,平手，指節抖動 10.2°→2.6°,moc_G1D4P2.json,0.9714,10.17,61.0,1.134,1.0,2.57,97.1,1.151,1.917-3.468
妳,你.mp4,換新片,平手，指節抖動 10.2°→2.6°,moc_G1D4P2.json,0.9714,10.17,61.0,1.134,1.0,2.57,97.1,1.151,1.917-3.468
再,再.mp4,換新片,平手，指節抖動 5.0°→2.6°,gs0911_再.json,1.0,5.05,96.8,1.267,1.0,2.63,204.2,1.434,1.935-3.719
再見,再見.mp4,換新片,平手，指節抖動 2.9°→1.4°,twtsl2_再見.json,0.9905,2.91,121.7,1.786,1.0,1.43,200.9,1.734,1.651-3.752
去,去.mp4,換新片,平手，指節抖動 5.0°→2.6°,gs0911_去.json,1.0,4.97,107.4,1.033,1.0,2.62,162.5,1.551,1.534-3.485
可以,可以.mp4,換新片,平手，指節抖動 2.7°→1.2°,moc_G3D3P1.json,1.0,2.72,67.0,1.35,1.0,1.18,179.4,2.185,1.234-3.802
台南,台南.mp4,換新片,平手，指節抖動 4.3°→3.8°,gs0911_台南.json,0.9667,4.31,75.8,1.934,1.0,3.77,172.4,2.085,1.534-4.002
臺南,台南.mp4,換新片,平手，指節抖動 6.2°→3.8°,moc_G4D4P1.json,1.0,6.16,65.4,0.466,1.0,3.77,172.4,2.085,1.534-4.002
名字,名字.mp4,換新片,平手，指節抖動 3.5°→2.2°,gs0911_名字.json,0.9821,3.51,99.3,1.8,1.0,2.17,200.0,1.717,1.184-3.318
哪裡,哪裡.mp4,維持,平手，指節抖動 3.9°→4.3°,gs0911_哪裡.json,0.9863,3.88,65.7,2.367,1.0,4.35,102.7,2.034,1.618-4.035
喝,喝.mp4,換新片,平手，指節抖動 7.1°→2.5°,twtsl2_喝.json,1.0,7.12,110.1,1.297,1.0,2.48,140.3,2.217,1.534-4.102
多少錢,多少錢.mp4,換新片,平手，指節抖動 7.3°→3.4°,moc_G2D6P2.json,1.0,7.33,97.1,0.666,1.0,3.36,165.0,1.401,1.334-3.185
好,好.mp4,維持,平手，指節抖動 2.9°→5.7°,desk0912_好.json,1.0,2.94,188.3,2.56,0.9875,5.72,180.7,1.301,2.151-3.802
宜蘭,宜蘭.mp4,換新片,平手，指節抖動 5.4°→4.8°,signtube_宜蘭.json,1.0,5.44,177.3,2.517,1.0,4.8,178.6,1.884,2.018-4.269
對不起,對不起.mp4,維持,平手，指節抖動 4.3°→5.9°,moc_I4P8_R.json,1.0,4.27,65.9,0.567,0.9823,5.93,137.1,1.851,1.668-3.885
幫,幫.mp4,維持,平手，指節抖動 8.9°→10.1°,gs0911_幫.json,0.9848,8.87,46.7,2.134,0.9632,10.14,126.4,2.234,1.684-4.319
幾點,幾點.mp4,換新片,平手，指節抖動 6.0°→4.2°,moc_G2D13P2.json,1.0,5.97,73.5,1.517,1.0,4.17,180.8,0.984,1.717-2.818
廁所,廁所.mp4,換新片,平手，指節抖動 7.2°→1.0°,moc_G4D6P2.json,1.0,7.15,71.0,0.767,1.0,1.01,206.0,1.734,1.484-3.635
很,很:太.MOV,換新片,平手，抖動相近，手掌 134→174px,desk0912_很.json,1.0,4.37,134.5,2.898,1.0,4.82,174.2,1.685,1.167-3.252
非常,很:太.MOV,換新片,平手，抖動相近，手掌 134→174px,desk0912_很.json,1.0,4.37,134.5,2.898,1.0,4.82,174.2,1.685,1.167-3.252
太,很:太.MOV,換新片,使用者指定：太 打成 很 的手勢（現用片是「大＋一指點」字形手語，act 0.375 poor）,2545_太.json,0.375,,26.5,,1.0,4.82,174.2,1.685,1.167-3.252
慢,慢.mp4,換新片,平手，指節抖動 5.0°→2.3°,gs0911_慢.json,1.0,4.97,37.1,1.9,1.0,2.3,168.7,1.118,1.634-3.068
我,我.mp4,換新片,平手，指節抖動 4.4°→3.6°,moc_G2D1P1.json,1.0,4.42,91.7,0.3,1.0,3.6,188.3,1.25,1.317-2.868
新北,新北.mp4,換新片,平手，抖動相近，手掌 76→182px,gs0911_新北.json,0.9831,2.38,76.2,1.9,1.0,2.24,182.1,1.951,1.451-3.785
新竹,新竹.mp4,換新片,平手，指節抖動 5.5°→3.6°,gs0911_新竹.json,1.0,5.53,74.1,1.9,1.0,3.6,166.5,2.085,1.334-3.802
早安,早安.mp4,換新片,使用者指定（原判 act -0.08 維持是誤判：「早」段閒置手被算成沒抓到；只算舉起時兩支都 0.98–1.00，新片指節抖動 7.3°<8.1°、手掌 133>56px）,desk0914b_早安.json,0.6479,8.1,56.0,3.517,0.5724,7.25,133.0,2.502,1.384-4.286
明天,明天.mp4,換新片,平手，指節抖動 5.6°→2.7°,moc_G2D3P2.json,1.0,5.62,87.2,0.56,1.0,2.66,197.4,2.285,1.084-3.719
星期幾,星期幾.mp4,換新片,平手，抖動相近，手掌 70→165px,gs0911_星期幾.json,0.9815,9.23,70.1,1.733,1.0,9.87,164.7,1.167,1.401-3.535
晚安,晚安.mp4,換新片,平手，指節抖動 9.7°→5.6°,slw_晚安.json,0.9916,9.72,59.1,1.952,0.9931,5.57,180.6,2.368,0.867-3.601
桃園,桃園.mp4,換新片,平手，指節抖動 3.1°→2.1°,gs0911_桃園.json,0.9714,3.07,77.8,2.266,1.0,2.13,171.5,2.635,1.284-4.319
水,水.mp4,換新片,平手，指節抖動 13.2°→9.1°,twtsl2_水.json,1.0,13.22,120.1,1.522,1.0,9.05,73.7,1.484,2.468-4.336
淡水,淡水.mp4,換新片,平手，抖動相近，手掌 86→164px,twtsl2_淡水.json,1.0,9.29,85.9,1.898,1.0,9.13,163.7,1.984,1.634-4.302
今天,現在:今天.mp4,換新片,act +0.17,gs0911_今天.json,0.7826,6.76,55.7,0.7,0.9535,8.83,123.2,1.401,1.351-3.318
現在,現在:今天.mp4,換新片,act +0.17,gs0911_今天.json,0.7826,6.76,55.7,0.7,0.9535,8.83,123.2,1.401,1.351-3.318
看醫生,看醫生.mp4,換新片,平手，指節抖動 5.2°→2.8°,gs0911_看醫生.json,0.9767,5.18,85.7,1.367,1.0,2.79,171.3,1.701,1.834-3.985
知道,知道.mp4,換新片,平手，指節抖動 17.0°→8.4°,gs0911_知道.json,1.0,17.02,90.4,1.566,1.0,8.38,185.9,1.634,1.484-3.318
累,累.mp4,換新片,平手，指節抖動 4.7°→2.4°,moc_G2D3P2.json,0.9714,4.72,76.4,1.32,0.9919,2.43,145.0,2.034,2.301-4.702
聽,聽.mp4,換新片,平手，指節抖動 3.9°→3.2°,moc_G2D1P1.json,1.0,3.86,95.6,0.3,0.9796,3.23,197.8,1.601,1.317-3.285
餓,肚子餓.mp4,換新片,平手，指節抖動 9.0°→2.4°,gs0911_餓.json,1.0,9.0,86.3,1.267,1.0,2.36,168.5,1.801,1.484-3.719
台中,臺中.mp4,換新片,平手，指節抖動 10.4°→4.1°,gs0911_台中.json,0.9737,10.37,55.2,1.2,0.9833,4.08,148.0,1.968,1.751-4.152
臺中,臺中.mp4,換新片,act +0.09,moc_G4D2P1.json,0.8929,5.29,70.1,1.04,0.9833,4.08,148.0,1.968,1.751-4.152
台北,臺北.mp4,換新片,act +0.09,moc_G4D15P1.json,0.907,3.44,60.0,0.684,1.0,2.05,182.2,2.168,1.451-4.002
臺北,臺北.mp4,換新片,平手，指節抖動 2.9°→2.0°,moc_G4D4P3.json,1.0,2.91,52.4,0.583,1.0,2.05,182.2,2.168,1.451-4.002
花蓮,花蓮.mp4,換新片,平手，指節抖動 6.8°→5.9°,gs0911_花蓮.json,0.9718,6.76,70.8,2.3,1.0,5.86,179.0,2.251,1.801-4.402
要,要.mp4,換新片,平手，指節抖動 2.4°→1.9°,gs0911_要.json,1.0,2.36,90.5,1.367,1.0,1.94,177.4,1.617,1.634-3.602
說,説.mp4,換新片,平手，指節抖動 4.1°→2.5°,moc_G3D2P2.json,1.0,4.12,83.4,0.45,1.0,2.54,197.3,1.701,1.651-3.719
請,請.mp4,換新片,平手，指節抖動 2.0°→1.4°,gs0911_請.json,0.9661,2.0,99.2,1.9,1.0,1.43,219.0,2.085,1.601-4.052
謝謝,謝謝.mp4,換新片,平手，指節抖動 7.8°→2.8°,desk0912_謝謝.json,0.9919,7.83,39.2,2.099,1.0,2.83,49.0,2.551,1.117-3.952
感謝,謝謝.mp4,換新片,平手，指節抖動 7.8°→2.8°,desk0912_謝謝.json,0.9919,7.83,39.2,2.099,1.0,2.83,49.0,2.551,1.117-3.952
貴,貴.mp4,維持,平手，指節抖動 3.4°→4.2°,gs0911_貴.json,1.0,3.4,31.3,1.333,1.0,4.25,107.0,1.084,1.317-2.801
高雄,高雄.mp4,換新片,平手，指節抖動 2.7°→2.0°,gs0911_高雄.json,0.9298,2.72,88.9,1.834,0.9675,2.02,195.9,2.018,1.701-4.068
